Protocollo;Gruppo;DataOraIncidente;Localizzazione1;STRADA1;Localizzazione2;STRADA2;Strada02;Chilometrica;DaSpecificare;NaturaIncidente;particolaritastrade;TipoStrada;FondoStradale;Pavimentazione;Segnaletica;CondizioneAtmosferica;Traffico;Visibilita;Illuminazione;NUM_FERITI;NUM_RISERVATA;NUM_MORTI;NUM_ILLESI;Longitudine;Latitudine;Confermato;Progressivo;TipoVeicolo;StatoVeicolo;TipoPersona;Sesso;Tipolesione;Deceduto;DecedutoDopo;CinturaCascoUtilizzato;Airbag
3583359;7;03/12/2017 16:50;Strada Urbana;VIALE DELLE GARDENIE;all'intersezione con;VIA DEI LAURI;VIA DEI LAURI;;;Scontro frontale/laterale SX fra veicoli in marcia;Incrocio;Due carreggiate;Asciutto;Asfaltata;Verticale ed orizzontale;Sereno;Normale;Buona;Sufficiente;1;0;0;4;12,56439;41,88588;-1;1;Autovettura privata;In marcia / fermata / arresto;Passeggero;M;Illeso;0;;Non accertato;Inesploso
3583359;7;03/12/2017 16:50;Strada Urbana;VIALE DELLE GARDENIE;all'intersezione con;VIA DEI LAURI;VIA DEI LAURI;;;Scontro frontale/laterale SX fra veicoli in marcia;Incrocio;Due carreggiate;Asciutto;Asfaltata;Verticale ed orizzontale;Sereno;Normale;Buona;Sufficiente;1;0;0;4;12,56439;41,88588;-1;1;Autovettura privata;In marcia / fermata / arresto;Passeggero;M;Illeso;0;;Non accertato;Inesploso
3583359;7;03/12/2017 16:50;Strada Urbana;VIALE DELLE GARDENIE;all'intersezione con;VIA DEI LAURI;VIA DEI LAURI;;;Scontro frontale/laterale SX fra veicoli in marcia;Incrocio;Due carreggiate;Asciutto;Asfaltata;Verticale ed orizzontale;Sereno;Normale;Buona;Sufficiente;1;0;0;4;12,56439;41,88588;-1;2;Motociclo con passeggero;In marcia / fermata / arresto;Conducente;M;Illeso;0;;Non accertato;
3583359;7;03/12/2017 16:50;Strada Urbana;VIALE DELLE GARDENIE;all'intersezione con;VIA DEI LAURI;VIA DEI LAURI;;;Scontro frontale/laterale SX fra veicoli in marcia;Incrocio;Due carreggiate;Asciutto;Asfaltata;Verticale ed orizzontale;Sereno;Normale;Buona;Sufficiente;1;0;0;4;12,56439;41,88588;-1;2;Motociclo con passeggero;In marcia / fermata / arresto;Passeggero;F;Rimandato;0;NON DECEDUTO;Non accertato;
3583395;12;03/12/2017 19:50;Strada Urbana;VIALE DELL'OCEANO INDIANO;da specificare;;;;PROX VIA PRAGA;Tamponamento;Rettilineo;Una carreggiata a doppio senso;Asciutto;Asfaltata;Verticale;Nuvoloso;Normale;Buona;Sufficiente;1;0;0;1;12,44881;41,82476;-1;1;Autobus urbano;In marcia / fermata / arresto;Conducente;M;Illeso;0;;Utilizzato;Inesploso
3583395;12;03/12/2017 19:50;Strada Urbana;VIALE DELL'OCEANO INDIANO;da specificare;;;;PROX VIA PRAGA;Tamponamento;Rettilineo;Una carreggiata a doppio senso;Asciutto;Asfaltata;Verticale;Nuvoloso;Normale;Buona;Sufficiente;1;0;0;1;12,44881;41,82476;-1;2;Autovettura privata;In marcia / fermata / arresto;Conducente;F;Rimandato;0;NON DECEDUTO;Utilizzato;Inesploso
3583434;7;01/12/2017 17:05;Strada Urbana;VIALE PALMIRO TOGLIATTI;all'intersezione con;VIA SANTI ROMANO;VIA SANTI ROMANO;;;Scontro laterale fra veicoli in marcia;Incrocio;Una carreggiata a senso unico alternato;Asciutto;Asfaltata;Verticale ed orizzontale;Sereno;Intenso;Buona;Insufficiente;0;0;0;2;12,56888;41,86241;-1;1;Autovettura privata;In marcia / fermata / arresto;Conducente;M;Illeso;0;;Non accertato;Inesploso
3583434;7;01/12/2017 17:05;Strada Urbana;VIALE PALMIRO TOGLIATTI;all'intersezione con;VIA SANTI ROMANO;VIA SANTI ROMANO;;;Scontro laterale fra veicoli in marcia;Incrocio;Una carreggiata a senso unico alternato;Asciutto;Asfaltata;Verticale ed orizzontale;Sereno;Intenso;Buona;Insufficiente;0;0;0;2;12,56888;41,86241;-1;2;Autovettura privata;In marcia / fermata / arresto;Conducente;F;Illeso;0;;Non accertato;Inesploso
3583437;3;02/12/2017 13:20;Strada Urbana;PIAZZA DEI SANNITI;da specificare;;;;FC 42;Scontro laterale fra veicoli in marcia;Rettilineo;Una carreggiata a senso unico di marcia;Asciutto;Asfaltata;Assente;Nuvoloso;Scarso;Buona;Ore Diurne;0;0;0;4;12,51665;41,89874;0;1;Autovettura privata;In marcia / fermata / arresto;Conducente;M;Illeso;0;;Non accertato;Inesploso
3583437;3;02/12/2017 13:20;Strada Urbana;PIAZZA DEI SANNITI;da specificare;;;;FC 42;Scontro laterale fra veicoli in marcia;Rettilineo;Una carreggiata a senso unico di marcia;Asciutto;Asfaltata;Assente;Nuvoloso;Scarso;Buona;Ore Diurne;0;0;0;4;12,51665;41,89874;0;1;Autovettura privata;In marcia / fermata / arresto;Passeggero;F;Illeso;0;;Non accertato;Inesploso
3583437;3;02/12/2017 13:20;Strada Urbana;PIAZZA DEI SANNITI;da specificare;;;;FC 42;Scontro laterale fra veicoli in marcia;Rettilineo;Una carreggiata a senso unico di marcia;Asciutto;Asfaltata;Assente;Nuvoloso;Scarso;Buona;Ore Diurne;0;0;0;4;12,51665;41,89874;0;1;Autovettura privata;In marcia / fermata / arresto;Passeggero;F;Illeso;0;;Non accertato;Inesploso
3583437;3;02/12/2017 13:20;Strada Urbana;PIAZZA DEI SANNITI;da specificare;;;;FC 42;Scontro laterale fra veicoli in marcia;Rettilineo;Una carreggiata a senso unico di marcia;Asciutto;Asfaltata;Assente;Nuvoloso;Scarso;Buona;Ore Diurne;0;0;0;4;12,51665;41,89874;0;2;Autovettura privata;In marcia / fermata / arresto;Conducente;M;Illeso;0;;Non accertato;Inesploso
3583448;6;04/12/2017 10:55;Strada Urbana;VIA CASILINA;da specificare;;;;altezza civico 767;Scontro laterale fra veicoli in marcia;Rettilineo;Più di due carreggiate;Asciutto;Asfaltata;Verticale ed orizzontale;Sereno;Intenso;Buona;Ore Diurne;0;0;0;2;12,55607;41,87596;-1;1;Autocarro inferiore 35 q.;In marcia / fermata / arresto;Conducente;M;Illeso;0;;;
3583448;6;04/12/2017 10:55;Strada Urbana;VIA CASILINA;da specificare;;;;altezza civico 767;Scontro laterale fra veicoli in marcia;Rettilineo;Più di due carreggiate;Asciutto;Asfaltata;Verticale ed orizzontale;Sereno;Intenso;Buona;Ore Diurne;0;0;0;2;12,55607;41,87596;-1;2;Autovettura privata;In marcia / fermata / arresto;Conducente;F;Illeso;0;;;
3583454;3;03/12/2017 02:04;Strada Urbana;VIALE DELL'UNIVERSITA';all'intersezione con;VIALE DEL POLICLINICO;VIALE DEL POLICLINICO;;;Scontro frontale/laterale SX fra veicoli in marcia;Intersezione semaforizzata;Una carreggiata a doppio senso;Bagnato (umidità in atto);Asfaltata;Verticale ed orizzontale;Pioggia in atto;Scarso;Sufficiente;Sufficiente;1;0;0;1;12,51183;41,90434;-1;1;Autovettura privata;In marcia / fermata / arresto;Conducente;M;Illeso;0;;Non accertato;Inesploso
3583454;3;03/12/2017 02:04;Strada Urbana;VIALE DELL'UNIVERSITA';all'intersezione con;VIALE DEL POLICLINICO;VIALE DEL POLICLINICO;;;Scontro frontale/laterale SX fra veicoli in marcia;Intersezione semaforizzata;Una carreggiata a doppio senso;Bagnato (umidità in atto);Asfaltata;Verticale ed orizzontale;Pioggia in atto;Scarso;Sufficiente;Sufficiente;1;0;0;1;12,51183;41,90434;-1;2;Motociclo a solo;In marcia / fermata / arresto;Conducente;M;Rimandato;0;NON DECEDUTO;Non accertato;
3583473;3;01/12/2017 20:00;Strada Urbana;VIA RODOLFO LANCIANI;da specificare;;;;FC 33;Veicolo in marcia contro veicolo in sosta;Rettilineo;Una carreggiata a senso unico di marcia;Asciutto;Asfaltata;Verticale ed orizzontale;Nuvoloso;Scarso;Sufficiente;Sufficiente;0;0;0;1;12,52196;41,92116;-1;2;Autovettura privata;In marcia / fermata / arresto;Conducente;F;Illeso;0;;Non accertato;Inesploso
3583487;3;01/12/2017 18:30;Strada Urbana;VIA AREZZO;all'intersezione con;VIA PADOVA;VIA PADOVA;;;Scontro frontale/laterale SX fra veicoli in marcia;Incrocio;Una carreggiata a senso unico di marcia;Asciutto;Asfaltata;Verticale ed orizzontale;Sereno;Normale;Buona;Ore Diurne;1;0;0;1;12,51854;41,91149;-1;1;Autovettura privata;In marcia / fermata / arresto;Conducente;F;Illeso;0;;Non accertato;Inesploso
3583487;3;01/12/2017 18:30;Strada Urbana;VIA AREZZO;all'intersezione con;VIA PADOVA;VIA PADOVA;;;Scontro frontale/laterale SX fra veicoli in marcia;Incrocio;Una carreggiata a senso unico di marcia;Asciutto;Asfaltata;Verticale ed orizzontale;Sereno;Normale;Buona;Ore Diurne;1;0;0;1;12,51854;41,91149;-1;2;Motociclo a solo;In marcia / fermata / arresto;Conducente;M;Rimandato;0;NON DECEDUTO;;
3583492;15;04/12/2017 09:10;Strada Urbana;VICOLO DI PAPA LEONE;all'intersezione con;VIA ALBERESE;VIA ALBERESE;;;Scontro frontale/laterale SX fra veicoli in marcia;Intersezione stradale segnalata;Una carreggiata a doppio senso;Asciutto;Asfaltata;Verticale ed orizzontale;Sereno;Normale;Buona;Ore Diurne;0;0;0;2;12,44475;41,84343;-1;1;Autovettura privata;In marcia / fermata / arresto;Conducente;M;Illeso;0;;Utilizzato;Inesploso
3583492;15;04/12/2017 09:10;Strada Urbana;VICOLO DI PAPA LEONE;all'intersezione con;VIA ALBERESE;VIA ALBERESE;;;Scontro frontale/laterale SX fra veicoli in marcia;Intersezione stradale segnalata;Una carreggiata a doppio senso;Asciutto;Asfaltata;Verticale ed orizzontale;Sereno;Normale;Buona;Ore Diurne;0;0;0;2;12,44475;41,84343;-1;2;Autovettura privata;In marcia / fermata / arresto;Conducente;M;Illeso;0;;Utilizzato;Inesploso
3583499;3;01/12/2017 18:20;Strada Urbana;VIA CATANZARO;in corrispondenza;;del civico n.;45;;Veicolo in marcia contro veicolo fermo;Rettilineo;Una carreggiata a doppio senso;Asciutto;Asfaltata;Verticale ed orizzontale;Sereno;Normale;Sufficiente;Sufficiente;0;0;0;2;12,51757;41,91261;-1;1;Autovettura privata;In marcia / fermata / arresto;Conducente;M;Illeso;0;;Non accertato;Inesploso
3583499;3;01/12/2017 18:20;Strada Urbana;VIA CATANZARO;in corrispondenza;;del civico n.;45;;Veicolo in marcia contro veicolo fermo;Rettilineo;Una carreggiata a doppio senso;Asciutto;Asfaltata;Verticale ed orizzontale;Sereno;Normale;Sufficiente;Sufficiente;0;0;0;2;12,51757;41,91261;-1;2;Autovettura privata;In marcia / fermata / arresto;Conducente;F;Illeso;0;;Non accertato;Inesploso
3583547;12;02/12/2017 12:50;Strada Urbana;VIA DI DECIMA;all'intersezione con;VIA DOMENICO JACHINO;VIA DOMENICO JACHINO;;;Scontro laterale fra veicoli in marcia;Rotatoria;Una carreggiata a senso unico di marcia;Asciutto;Asfaltata;Verticale ed orizzontale;Sereno;Normale;Buona;Ore Diurne;0;0;0;4;12,45171;41,81489;-1;1;Autovettura privata;In marcia / fermata / arresto;Conducente;F;Illeso;0;;;
3583547;12;02/12/2017 12:50;Strada Urbana;VIA DI DECIMA;all'intersezione con;VIA DOMENICO JACHINO;VIA DOMENICO JACHINO;;;Scontro laterale fra veicoli in marcia;Rotatoria;Una carreggiata a senso unico di marcia;Asciutto;Asfaltata;Verticale ed orizzontale;Sereno;Normale;Buona;Ore Diurne;0;0;0;4;12,45171;41,81489;-1;1;Autovettura privata;In marcia / fermata / arresto;Passeggero;F;Illeso;0;;;
3583547;12;02/12/2017 12:50;Strada Urbana;VIA DI DECIMA;all'intersezione con;VIA DOMENICO JACHINO;VIA DOMENICO JACHINO;;;Scontro laterale fra veicoli in marcia;Rotatoria;Una carreggiata a senso unico di marcia;Asciutto;Asfaltata;Verticale ed orizzontale;Sereno;Normale;Buona;Ore Diurne;0;0;0;4;12,45171;41,81489;-1;1;Autovettura privata;In marcia / fermata / arresto;Passeggero;M;Illeso;0;;;
3583547;12;02/12/2017 12:50;Strada Urbana;VIA DI DECIMA;all'intersezione con;VIA DOMENICO JACHINO;VIA DOMENICO JACHINO;;;Scontro laterale fra veicoli in marcia;Rotatoria;Una carreggiata a senso unico di marcia;Asciutto;Asfaltata;Verticale ed orizzontale;Sereno;Normale;Buona;Ore Diurne;0;0;0;4;12,45171;41,81489;-1;1;Autovettura privata;In marcia / fermata / arresto;Passeggero;M;Illeso;0;;;
3583550;12;03/12/2017 18:50;Provinciale;VIA ARDEATINA;in corrispondenza;;della chilometrica;20.3;;Veicolo in marcia contro ostacolo fisso;Rettilineo;Una carreggiata a doppio senso;Asciutto;Asfaltata;Verticale ed orizzontale;Sereno;Normale;Insufficiente;Insufficiente;0;0;0;1;12,57359;41,71449;-1;1;Autovettura privata;In marcia / fermata / arresto;Conducente;M;Illeso;0;;;Inesploso
3583598;9;04/12/2017 10:15;Strada Urbana;VIA TUSCOLANA;in corrispondenza;;del civico n.;523;;Veicolo in marcia contro veicolo arresto;Rettilineo;Due carreggiate;Asciutto;Asfaltata;Verticale ed orizzontale;Sereno;Intenso;Buona;Ore Diurne;0;0;0;2;12,54075;41,86749;-1;1;Autovettura privata;In marcia / fermata / arresto;Conducente;M;Illeso;0;;Non accertato;Inesploso
3583598;9;04/12/2017 10:15;Strada Urbana;VIA TUSCOLANA;in corrispondenza;;del civico n.;523;;Veicolo in marcia contro veicolo arresto;Rettilineo;Due carreggiate;Asciutto;Asfaltata;Verticale ed orizzontale;Sereno;Intenso;Buona;Ore Diurne;0;0;0;2;12,54075;41,86749;-1;2;Autocarro inferiore 35 q.;In marcia / fermata / arresto;Conducente;M;Illeso;0;;Non accertato;Inesploso
3583609;6;04/12/2017 11:30;Provinciale entro l'abitato;VIA PRENESTINA;in corrispondenza;;del civico n.;76;;Investimento di pedone;Rettilineo;Più di due carreggiate;Bagnato (umidità in atto);Asfaltata;Orizzontale;Sereno;Normale;Buona;Ore Diurne;1;0;0;1;12,52347;41,89097;-1;;;;Pedone;M;Rimandato;0;NON DECEDUTO;;
3583609;6;04/12/2017 11:30;Provinciale entro l'abitato;VIA PRENESTINA;in corrispondenza;;del civico n.;76;;Investimento di pedone;Rettilineo;Più di due carreggiate;Bagnato (umidità in atto);Asfaltata;Orizzontale;Sereno;Normale;Buona;Ore Diurne;1;0;0;1;12,52347;41,89097;-1;1;Vettura tranviaria;In marcia / fermata / arresto;Conducente;M;Illeso;0;;Esente;
3583643;17;03/12/2017 18:30;Strada Urbana;VIA IGEA;da specificare;;;;altezza civ 48  in prossimità di Via Blumensthil;Investimento di pedone;Rettilineo;Una carreggiata a doppio senso;Asciutto;Asfaltata;Verticale ed orizzontale;Nuvoloso;Normale;Buona;Sufficiente;1;0;0;0;12,44173;41,9346;0;;;;Pedone;F;Rimandato;0;NON DECEDUTO;;
3583669;7;02/12/2017 00:20;Strada Urbana;VIA DEI PLATANI;all'intersezione con;VIA DEGLI ONTANI;VIA DEGLI ONTANI;;;Scontro laterale fra veicoli in marcia;Intersezione stradale segnalata;Due carreggiate;Asciutto;Asfaltata;Verticale ed orizzontale;Sereno;Normale;Buona;Sufficiente;0;0;0;1;12,57136;41,88093;-1;1;Motociclo a solo;In marcia / fermata / arresto;Conducente;M;Illeso;0;;;
3583670;7;02/12/2017 17:45;Strada Urbana;VIA DI TOR SAPIENZA;all'intersezione con;VIA STEFANO USSI;VIA STEFANO USSI;;;Veicolo in marcia contro veicolo fermo;Incrocio;Una carreggiata a doppio senso;Asciutto;Asfaltata;Orizzontale;Sereno;Normale;Buona;Ore Diurne;0;0;0;3;12,59051;41,90146;-1;1;Autovettura privata;In marcia / fermata / arresto;Conducente;M;Illeso;0;;;
3583670;7;02/12/2017 17:45;Strada Urbana;VIA DI TOR SAPIENZA;all'intersezione con;VIA STEFANO USSI;VIA STEFANO USSI;;;Veicolo in marcia contro veicolo fermo;Incrocio;Una carreggiata a doppio senso;Asciutto;Asfaltata;Orizzontale;Sereno;Normale;Buona;Ore Diurne;0;0;0;3;12,59051;41,90146;-1;2;Autovettura privata;In marcia / fermata / arresto;Conducente;M;Illeso;0;;;
3583670;7;02/12/2017 17:45;Strada Urbana;VIA DI TOR SAPIENZA;all'intersezione con;VIA STEFANO USSI;VIA STEFANO USSI;;;Veicolo in marcia contro veicolo fermo;Incrocio;Una carreggiata a doppio senso;Asciutto;Asfaltata;Orizzontale;Sereno;Normale;Buona;Ore Diurne;0;0;0;3;12,59051;41,90146;-1;2;Autovettura privata;In marcia / fermata / arresto;Passeggero;F;Illeso;0;;Non accertato;Inesploso
3583674;7;03/12/2017 20:45;Strada Urbana;VIA TUSCOLANA;in prossimità;;del civico n.;761;;Scontro frontale/laterale SX fra veicoli in marcia;Rettilineo;Più di due carreggiate;Asciutto;Asfaltata;Assente;Sereno;Normale;Buona;Sufficiente;1;0;0;1;12,55617;41,86047;-1;1;Autovettura privata;In marcia / fermata / arresto;Conducente;F;Illeso;0;;Non accertato;Inesploso
3583674;7;03/12/2017 20:45;Strada Urbana;VIA TUSCOLANA;in prossimità;;del civico n.;761;;Scontro frontale/laterale SX fra veicoli in marcia;Rettilineo;Più di due carreggiate;Asciutto;Asfaltata;Assente;Sereno;Normale;Buona;Sufficiente;1;0;0;1;12,55617;41,86047;-1;2;Motociclo a solo;In marcia / fermata / arresto;Conducente;M;Rimandato;0;NON DECEDUTO;Non accertato;
3583693;18;04/12/2017 14:30;Strada Urbana;VIA DI BOCCEA;all'intersezione con;VIA DI CASAL DEL MARMO;VIA DI CASAL DEL MARMO;;;Scontro frontale/laterale DX fra veicoli in marcia;Intersezione stradale segnalata;Una carreggiata a senso unico di marcia;Asciutto;Asfaltata;Verticale;Sereno;Normale;Buona;Ore Diurne;0;0;0;4;12,3844;41,91493;-1;1;Autovettura privata;In marcia / fermata / arresto;Conducente;F;Illeso;0;;Non accertato;Inesploso
3583693;18;04/12/2017 14:30;Strada Urbana;VIA DI BOCCEA;all'intersezione con;VIA DI CASAL DEL MARMO;VIA DI CASAL DEL MARMO;;;Scontro frontale/laterale DX fra veicoli in marcia;Intersezione stradale segnalata;Una carreggiata a senso unico di marcia;Asciutto;Asfaltata;Verticale;Sereno;Normale;Buona;Ore Diurne;0;0;0;4;12,3844;41,91493;-1;1;Autovettura privata;In marcia / fermata / arresto;Passeggero;F;Illeso;0;;Non accertato;Inesploso
3583693;18;04/12/2017 14:30;Strada Urbana;VIA DI BOCCEA;all'intersezione con;VIA DI CASAL DEL MARMO;VIA DI CASAL DEL MARMO;;;Scontro frontale/laterale DX fra veicoli in marcia;Intersezione stradale segnalata;Una carreggiata a senso unico di marcia;Asciutto;Asfaltata;Verticale;Sereno;Normale;Buona;Ore Diurne;0;0;0;4;12,3844;41,91493;-1;1;Autovettura privata;In marcia / fermata / arresto;Passeggero;F;Illeso;0;;Non accertato;Inesploso
3583693;18;04/12/2017 14:30;Strada Urbana;VIA DI BOCCEA;all'intersezione con;VIA DI CASAL DEL MARMO;VIA DI CASAL DEL MARMO;;;Scontro frontale/laterale DX fra veicoli in marcia;Intersezione stradale segnalata;Una carreggiata a senso unico di marcia;Asciutto;Asfaltata;Verticale;Sereno;Normale;Buona;Ore Diurne;0;0;0;4;12,3844;41,91493;-1;2;Autovettura privata;In marcia / fermata / arresto;Conducente;M;Illeso;0;;Non accertato;Inesploso
3583695;5;04/12/2017 14:05;Strada Urbana;VIA DEI MONTI DI PIETRALATA;in prossimità;;del civico n.;53;;Scontro laterale fra veicoli in marcia;Rettilineo;Una carreggiata a senso unico di marcia;Asciutto;Asfaltata;Verticale ed orizzontale;Sereno;Normale;Buona;Ore Diurne;0;0;0;3;12,53616;41,91089;-1;1;Autovettura privata;In marcia / fermata / arresto;Conducente;M;Illeso;0;;Non accertato;
3583695;5;04/12/2017 14:05;Strada Urbana;VIA DEI MONTI DI PIETRALATA;in prossimità;;del civico n.;53;;Scontro laterale fra veicoli in marcia;Rettilineo;Una carreggiata a senso unico di marcia;Asciutto;Asfaltata;Verticale ed orizzontale;Sereno;Normale;Buona;Ore Diurne;0;0;0;3;12,53616;41,91089;-1;2;Autovettura privata;In marcia / fermata / arresto;Conducente;F;Illeso;0;;Non accertato;
3583695;5;04/12/2017 14:05;Strada Urbana;VIA DEI MONTI DI PIETRALATA;in prossimità;;del civico n.;53;;Scontro laterale fra veicoli in marcia;Rettilineo;Una carreggiata a senso unico di marcia;Asciutto;Asfaltata;Verticale ed orizzontale;Sereno;Normale;Buona;Ore Diurne;0;0;0;3;12,53616;41,91089;-1;2;Autovettura privata;In marcia / fermata / arresto;Passeggero;M;Illeso;0;;Non accertato;
3583697;7;03/12/2017 13:00;Strada Urbana;VIALE PALMIRO TOGLIATTI;da specificare;;;;prossimità via Franco Angeli;Investimento di pedone;Rettilineo;Due carreggiate;Asciutto;Asfaltata;Assente;Nebbia;Intenso;Buona;Ore Diurne;1;0;0;1;12,57566;41,89607;-1;;;;Pedone;F;Rimandato;0;NON DECEDUTO;;
3583697;7;03/12/2017 13:00;Strada Urbana;VIALE PALMIRO TOGLIATTI;da specificare;;;;prossimità via Franco Angeli;Investimento di pedone;Rettilineo;Due carreggiate;Asciutto;Asfaltata;Assente;Nebbia;Intenso;Buona;Ore Diurne;1;0;0;1;12,57566;41,89607;-1;1;Autovettura privata;In marcia / fermata / arresto;Conducente;M;Illeso;0;;;
3583731;10;04/12/2017 14:55;Strada Urbana;VIA DELLE CAPANNELLE;in prossimità;;del palo luce n.;91;;Tamponamento;Rettilineo;Una carreggiata a doppio senso;Asciutto;Asfaltata;Orizzontale;Sereno;Normale;Buona;Ore Diurne;2;0;0;0;12,57491;41,844;-1;1;Autovettura privata;In marcia / fermata / arresto;Conducente;F;Rifiuta cure immediate;0;NON DECEDUTO;Non accertato;Inesploso
3583731;10;04/12/2017 14:55;Strada Urbana;VIA DELLE CAPANNELLE;in prossimità;;del palo luce n.;91;;Tamponamento;Rettilineo;Una carreggiata a doppio senso;Asciutto;Asfaltata;Orizzontale;Sereno;Normale;Buona;Ore Diurne;2;0;0;0;12,57491;41,844;-1;2;Autovettura privata;In marcia / fermata / arresto;Conducente;M;Rifiuta cure immediate;0;NON DECEDUTO;Non accertato;Esploso
3583741;16;01/12/2017 15:15;Strada Urbana;VIA DELLA PISANA;in corrispondenza;;del civico n.;249;;Scontro frontale/laterale SX fra veicoli in marcia;Rettilineo;Una carreggiata a doppio senso;Asciutto;Asfaltata;Assente;Sereno;Normale;Buona;Ore Diurne;1;0;0;1;12,41556;41,87731;-1;1;Autovettura privata;In marcia / fermata / arresto;Conducente;M;Illeso;0;;Non accertato;
3583741;16;01/12/2017 15:15;Strada Urbana;VIA DELLA PISANA;in corrispondenza;;del civico n.;249;;Scontro frontale/laterale SX fra veicoli in marcia;Rettilineo;Una carreggiata a doppio senso;Asciutto;Asfaltata;Assente;Sereno;Normale;Buona;Ore Diurne;1;0;0;1;12,41556;41,87731;-1;2;Motociclo a solo;In marcia / fermata / arresto;Conducente;M;Rimandato;0;NON DECEDUTO;Non accertato;
3583744;7;01/12/2017 12:20;Strada Urbana;PIAZZA TEOFRASTO;all'intersezione con;VIA FEDERICO DELPINO;VIA FEDERICO DELPINO;;;Scontro frontale/laterale DX fra veicoli in marcia;Incrocio;Una carreggiata a doppio senso;Asciutto;Asfaltata;Verticale ed orizzontale;Nuvoloso;Normale;Buona;Ore Diurne;1;0;0;1;12,56447;41,89151;-1;1;Autovettura privata;In marcia / fermata / arresto;Conducente;M;Illeso;0;;Non accertato;Inesploso
3583744;7;01/12/2017 12:20;Strada Urbana;PIAZZA TEOFRASTO;all'intersezione con;VIA FEDERICO DELPINO;VIA FEDERICO DELPINO;;;Scontro frontale/laterale DX fra veicoli in marcia;Incrocio;Una carreggiata a doppio senso;Asciutto;Asfaltata;Verticale ed orizzontale;Nuvoloso;Normale;Buona;Ore Diurne;1;0;0;1;12,56447;41,89151;-1;2;Motociclo con passeggero;In marcia / fermata / arresto;Conducente;M;Rimandato;0;NON DECEDUTO;;
3583865;18;04/12/2017 10:45;Strada Urbana;VIA DEL CASALE DI S. PIO V;in prossimità;;del civico n.;44;;Scontro frontale/laterale SX fra veicoli in marcia;Rettilineo;Una carreggiata a doppio senso;Asciutto;Asfaltata;Verticale ed orizzontale;Sereno;Normale;Buona;Ore Diurne;1;0;0;1;12,43231;41,89248;-1;1;Autovettura privata;In marcia / fermata / arresto;Conducente;M;Illeso;0;;;Esploso
3583865;18;04/12/2017 10:45;Strada Urbana;VIA DEL CASALE DI S. PIO V;in prossimità;;del civico n.;44;;Scontro frontale/laterale SX fra veicoli in marcia;Rettilineo;Una carreggiata a doppio senso;Asciutto;Asfaltata;Verticale ed orizzontale;Sereno;Normale;Buona;Ore Diurne;1;0;0;1;12,43231;41,89248;-1;2;Motociclo a solo;In marcia / fermata / arresto;Conducente;M;Ricoverato;0;NON DECEDUTO;;
3583871;18;04/12/2017 09:10;Strada Urbana;VIA DI BOCCEA;in corrispondenza;;del civico n.;231;;Investimento di pedone;Rettilineo;Due carreggiate;Asciutto;Asfaltata;Verticale ed orizzontale;Sereno;Normale;Buona;Ore Diurne;1;0;0;1;12,42038;41,90348;-1;;;;Pedone;F;Rimandato;0;NON DECEDUTO;;
3583871;18;04/12/2017 09:10;Strada Urbana;VIA DI BOCCEA;in corrispondenza;;del civico n.;231;;Investimento di pedone;Rettilineo;Due carreggiate;Asciutto;Asfaltata;Verticale ed orizzontale;Sereno;Normale;Buona;Ore Diurne;1;0;0;1;12,42038;41,90348;-1;1;Autovettura privata;In marcia / fermata / arresto;Conducente;M;Illeso;0;;Non accertato;Inesploso
3583946;16;01/12/2017 23:40;Strada Urbana;VIA QUIRINO MAJORANA;in corrispondenza;;del palo luce n.;17;;Scontro frontale fra veicoli in marcia;Rettilineo;Una carreggiata a doppio senso;Asciutto;Asfaltata;Orizzontale;Sereno;Normale;Buona;Sufficiente;5;1;0;0;12,46223;41,86827;-1;1;Autovettura privata;In marcia / fermata / arresto;Passeggero;F;Rimandato;0;NON DECEDUTO;Non accertato;
3583946;16;01/12/2017 23:40;Strada Urbana;VIA QUIRINO MAJORANA;in corrispondenza;;del palo luce n.;17;;Scontro frontale fra veicoli in marcia;Rettilineo;Una carreggiata a doppio senso;Asciutto;Asfaltata;Orizzontale;Sereno;Normale;Buona;Sufficiente;5;1;0;0;12,46223;41,86827;-1;1;Autovettura privata;In marcia / fermata / arresto;Passeggero;F;Rimandato;0;NON DECEDUTO;Non accertato;
3583946;16;01/12/2017 23:40;Strada Urbana;VIA QUIRINO MAJORANA;in corrispondenza;;del palo luce n.;17;;Scontro frontale fra veicoli in marcia;Rettilineo;Una carreggiata a doppio senso;Asciutto;Asfaltata;Orizzontale;Sereno;Normale;Buona;Sufficiente;5;1;0;0;12,46223;41,86827;-1;1;Autovettura privata;In marcia / fermata / arresto;Conducente;M;Rimandato;0;NON DECEDUTO;Non accertato;
3583946;16;01/12/2017 23:40;Strada Urbana;VIA QUIRINO MAJORANA;in corrispondenza;;del palo luce n.;17;;Scontro frontale fra veicoli in marcia;Rettilineo;Una carreggiata a doppio senso;Asciutto;Asfaltata;Orizzontale;Sereno;Normale;Buona;Sufficiente;5;1;0;0;12,46223;41,86827;-1;1;Autovettura privata;In marcia / fermata / arresto;Passeggero;M;Rimandato;0;NON DECEDUTO;Non accertato;