Protocollo;Gruppo;DataOraIncidente;Localizzazione1;STRADA1;Localizzazione2;STRADA2;Strada02;Chilometrica;DaSpecificare;NaturaIncidente;particolaritastrade;TipoStrada;FondoStradale;Pavimentazione;Segnaletica;CondizioneAtmosferica;Traffico;Visibilita;Illuminazione;NUM_FERITI;NUM_RISERVATA;NUM_MORTI;NUM_ILLESI;Longitudine;Latitudine;Confermato;Progressivo;TipoVeicolo;StatoVeicolo;TipoPersona;Sesso;Tipolesione;Deceduto;DecedutoDopo;CinturaCascoUtilizzato;Airbag
3591778;17;09/12/2017 17:00;Strada Urbana;VIA S. PIO X;all'intersezione semaforizzata con;VIA DELLA CONCILIAZIONE;VIA DELLA CONCILIAZIONE;;;Scontro laterale fra veicoli in marcia;Intersezione semaforizzata;Una carreggiata a doppio senso;Asciutto;Asfaltata;Verticale ed orizzontale;Sereno;Normale;Buona;Sufficiente;0;0;0;3;12,46295;41,90226;-1;2;Motociclo a solo;In marcia / fermata / arresto;Conducente;M;Illeso;0;;Non accertato;
3591794;17;09/12/2017 17:13;Strada Urbana;PIAZZA ADRIANA;in prossimità;;del civico n.;10;;Ribaltamento senza urto contro ostacolo fisso;Rettilineo;Due carreggiate;Viscido da liquidi oleosi;In cubetti di porfido;Verticale ed orizzontale;Sereno;Normale;Sufficiente;Ore Diurne;0;0;0;2;12,46704;41,90502;0;1;Ciclomotore con passeggero;In marcia / fermata / arresto;Passeggero;M;Illeso;0;;;
3591794;17;09/12/2017 17:13;Strada Urbana;PIAZZA ADRIANA;in prossimità;;del civico n.;10;;Ribaltamento senza urto contro ostacolo fisso;Rettilineo;Due carreggiate;Viscido da liquidi oleosi;In cubetti di porfido;Verticale ed orizzontale;Sereno;Normale;Sufficiente;Ore Diurne;0;0;0;2;12,46704;41,90502;0;1;Ciclomotore con passeggero;In marcia / fermata / arresto;Conducente;M;Illeso;0;;;
3591811;17;09/12/2017 19:20;Strada Urbana;VIALE DELLE MEDAGLIE D'ORO;in prossimità;;del civico n.;49;;Scontro frontale/laterale SX fra veicoli in marcia;Rettilineo;Una carreggiata a doppio senso;Asciutto;Asfaltata;Verticale ed orizzontale;Sereno;Intenso;Buona;Sufficiente;0;0;0;2;12,44623;41,91051;-1;1;Autovettura privata;In marcia / fermata / arresto;Conducente;M;Illeso;0;;Non accertato;Inesploso
3591811;17;09/12/2017 19:20;Strada Urbana;VIALE DELLE MEDAGLIE D'ORO;in prossimità;;del civico n.;49;;Scontro frontale/laterale SX fra veicoli in marcia;Rettilineo;Una carreggiata a doppio senso;Asciutto;Asfaltata;Verticale ed orizzontale;Sereno;Intenso;Buona;Sufficiente;0;0;0;2;12,44623;41,91051;-1;2;Motociclo a solo;In marcia / fermata / arresto;Conducente;M;Illeso;0;;Non accertato;
3591844;1;09/12/2017 16:20;Strada Urbana;VIA ELENIANA;all'intersezione con;VIA SEBASTIANO GRANDIS;VIA SEBASTIANO GRANDIS;;;Scontro frontale/laterale DX fra veicoli in marcia;Incrocio;Una carreggiata a doppio senso;Asciutto;Asfaltata;Verticale ed orizzontale;Sereno;Normale;Buona;Sufficiente;1;0;0;1;12,51491;41,88991;-1;1;Autovettura privata;In marcia / fermata / arresto;Conducente;M;Illeso;0;;;
3591844;1;09/12/2017 16:20;Strada Urbana;VIA ELENIANA;all'intersezione con;VIA SEBASTIANO GRANDIS;VIA SEBASTIANO GRANDIS;;;Scontro frontale/laterale DX fra veicoli in marcia;Incrocio;Una carreggiata a doppio senso;Asciutto;Asfaltata;Verticale ed orizzontale;Sereno;Normale;Buona;Sufficiente;1;0;0;1;12,51491;41,88991;-1;2;Motociclo con passeggero;In marcia / fermata / arresto;Conducente;F;Rimandato;0;NON DECEDUTO;;
3591878;1;09/12/2017 15:30;Strada Urbana;VIA GUERRIERI;in corrispondenza;;del civico n.;11;;Veicolo in marcia contro veicoli in sosta;Rettilineo;Una carreggiata a doppio senso;Asciutto;Asfaltata;Verticale ed orizzontale;Sereno;Normale;Buona;Ore Diurne;1;0;0;0;12,48877;41,87765;-1;1;Autovettura privata;In marcia / fermata / arresto;Conducente;M;Rimandato;0;NON DECEDUTO;;
3591885;6;10/12/2017 10:30;Strada Urbana;VIA NATALE PALLI;in prossimità;;del civico n.;4;;Veicolo in marcia contro veicolo in sosta;Rettilineo;Una carreggiata a senso unico di marcia;Asciutto;Asfaltata;Orizzontale;Nuvoloso;Scarso;Buona;Ore Diurne;0;0;0;1;12,54188;41,87682;-1;1;Autovettura privata;In marcia / fermata / arresto;Conducente;M;Illeso;0;;Non accertato;Inesploso
3591911;1;09/12/2017 18:00;Strada Urbana;LUNGOTEVERE DEGLI ANGUILLARA;da specificare;;;;in prossimità PONTE GARIBALDI;Investimento di pedone;Rettilineo;Una carreggiata a senso unico di marcia;Asciutto;Asfaltata;Verticale ed orizzontale;Sereno;Normale;Buona;Sufficiente;1;0;0;1;12,47451;41,89033;-1;;;;Pedone;F;Rimandato;0;NON DECEDUTO;;
3591911;1;09/12/2017 18:00;Strada Urbana;LUNGOTEVERE DEGLI ANGUILLARA;da specificare;;;;in prossimità PONTE GARIBALDI;Investimento di pedone;Rettilineo;Una carreggiata a senso unico di marcia;Asciutto;Asfaltata;Verticale ed orizzontale;Sereno;Normale;Buona;Sufficiente;1;0;0;1;12,47451;41,89033;-1;1;Motociclo a solo;In marcia / fermata / arresto;Conducente;M;Illeso;0;;Non accertato;
3591984;1;09/12/2017 23:05;Strada Urbana;VIA MARMORATA;all'intersezione semaforizzata con;VIA GALVANI;VIA GALVANI;;;Investimento di pedone;Intersezione semaforizzata;Più di due carreggiate;Asciutto;Asfaltata;Verticale ed orizzontale;Nuvoloso;Normale;Buona;Sufficiente;1;0;0;1;12,4784;41,87981;-1;;;;Pedone;M;Rimandato;0;NON DECEDUTO;;
3591984;1;09/12/2017 23:05;Strada Urbana;VIA MARMORATA;all'intersezione semaforizzata con;VIA GALVANI;VIA GALVANI;;;Investimento di pedone;Intersezione semaforizzata;Più di due carreggiate;Asciutto;Asfaltata;Verticale ed orizzontale;Nuvoloso;Normale;Buona;Sufficiente;1;0;0;1;12,4784;41,87981;-1;1;Motociclo a solo;In marcia / fermata / arresto;Conducente;M;Illeso;0;;Non accertato;
3591985;4;09/12/2017 19:30;Strada Urbana;VIA DELLA BUFALOTTA;da specificare;;;;fronte via Olindo Guerrini;Investimento di pedone;Rettilineo;Una carreggiata a doppio senso;Asciutto;Asfaltata;Verticale ed orizzontale;Sereno;Normale;Buona;Sufficiente;1;0;1;0;12,54983;41,96743;-1;;;;Pedone;M;Deceduto durante trasporto;-1;;;
3591985;4;09/12/2017 19:30;Strada Urbana;VIA DELLA BUFALOTTA;da specificare;;;;fronte via Olindo Guerrini;Investimento di pedone;Rettilineo;Una carreggiata a doppio senso;Asciutto;Asfaltata;Verticale ed orizzontale;Sereno;Normale;Buona;Sufficiente;1;0;1;0;12,54983;41,96743;-1;1;Autovettura privata;In marcia / fermata / arresto;Conducente;M;Rimandato;0;NON DECEDUTO;Non accertato;
3591987;9;08/12/2017 20:40;Strada Urbana;VIA TUSCOLANA;in corrispondenza;;del civico n.;1386;;Scontro laterale fra veicoli in marcia;Rettilineo;Due carreggiate;Bagnato (pioggia);Asfaltata;Verticale ed orizzontale;Nuvoloso;Normale;Sufficiente;Sufficiente;0;0;0;5;12,56509;41,85489;-1;1;Autovettura privata;In marcia / fermata / arresto;Conducente;M;Illeso;0;;Non accertato;Inesploso
3591987;9;08/12/2017 20:40;Strada Urbana;VIA TUSCOLANA;in corrispondenza;;del civico n.;1386;;Scontro laterale fra veicoli in marcia;Rettilineo;Due carreggiate;Bagnato (pioggia);Asfaltata;Verticale ed orizzontale;Nuvoloso;Normale;Sufficiente;Sufficiente;0;0;0;5;12,56509;41,85489;-1;1;Autovettura privata;In marcia / fermata / arresto;Passeggero;F;Illeso;0;;Non accertato;Inesploso
3591987;9;08/12/2017 20:40;Strada Urbana;VIA TUSCOLANA;in corrispondenza;;del civico n.;1386;;Scontro laterale fra veicoli in marcia;Rettilineo;Due carreggiate;Bagnato (pioggia);Asfaltata;Verticale ed orizzontale;Nuvoloso;Normale;Sufficiente;Sufficiente;0;0;0;5;12,56509;41,85489;-1;2;Autovettura privata;In marcia / fermata / arresto;Conducente;M;Illeso;0;;Non accertato;Inesploso
3591987;9;08/12/2017 20:40;Strada Urbana;VIA TUSCOLANA;in corrispondenza;;del civico n.;1386;;Scontro laterale fra veicoli in marcia;Rettilineo;Due carreggiate;Bagnato (pioggia);Asfaltata;Verticale ed orizzontale;Nuvoloso;Normale;Sufficiente;Sufficiente;0;0;0;5;12,56509;41,85489;-1;2;Autovettura privata;In marcia / fermata / arresto;Passeggero;M;Illeso;0;;Non accertato;Inesploso
3591987;9;08/12/2017 20:40;Strada Urbana;VIA TUSCOLANA;in corrispondenza;;del civico n.;1386;;Scontro laterale fra veicoli in marcia;Rettilineo;Due carreggiate;Bagnato (pioggia);Asfaltata;Verticale ed orizzontale;Nuvoloso;Normale;Sufficiente;Sufficiente;0;0;0;5;12,56509;41,85489;-1;2;Autovettura privata;In marcia / fermata / arresto;Passeggero;M;Illeso;0;;Non accertato;Inesploso
3591991;1;10/12/2017 01:45;Strada Urbana;VIA GIOBERTI;all'intersezione semaforizzata con;VIA FARINI;VIA FARINI;;;Scontro frontale/laterale SX fra veicoli in marcia;Intersezione semaforizzata;Una carreggiata a doppio senso;Asciutto;Asfaltata;Verticale;Nuvoloso;Scarso;Buona;Sufficiente;0;0;0;2;12,5005;41,89875;-1;1;Autovettura privata;In marcia / fermata / arresto;Conducente;M;Illeso;0;;;
3591991;1;10/12/2017 01:45;Strada Urbana;VIA GIOBERTI;all'intersezione semaforizzata con;VIA FARINI;VIA FARINI;;;Scontro frontale/laterale SX fra veicoli in marcia;Intersezione semaforizzata;Una carreggiata a doppio senso;Asciutto;Asfaltata;Verticale;Nuvoloso;Scarso;Buona;Sufficiente;0;0;0;2;12,5005;41,89875;-1;2;Autovettura privata;In marcia / fermata / arresto;Conducente;M;Illeso;0;;;
3592085;12;09/12/2017 12:15;Strada Urbana;VIALE CITTA' D'EUROPA;all'intersezione con;VIA SIVIGLIA;VIA SIVIGLIA;;;Scontro frontale/laterale DX fra veicoli in marcia;Incrocio;Due carreggiate;Bagnato (pioggia);Asfaltata;Verticale ed orizzontale;Nuvoloso;Normale;Buona;Ore Diurne;0;0;0;4;12,45121;41,82002;-1;1;Autovettura privata;In marcia / fermata / arresto;Conducente;M;Illeso;0;;Utilizzato;Inesploso
3592085;12;09/12/2017 12:15;Strada Urbana;VIALE CITTA' D'EUROPA;all'intersezione con;VIA SIVIGLIA;VIA SIVIGLIA;;;Scontro frontale/laterale DX fra veicoli in marcia;Incrocio;Due carreggiate;Bagnato (pioggia);Asfaltata;Verticale ed orizzontale;Nuvoloso;Normale;Buona;Ore Diurne;0;0;0;4;12,45121;41,82002;-1;1;Autovettura privata;In marcia / fermata / arresto;Passeggero;M;Illeso;0;;Utilizzato;Inesploso
3592085;12;09/12/2017 12:15;Strada Urbana;VIALE CITTA' D'EUROPA;all'intersezione con;VIA SIVIGLIA;VIA SIVIGLIA;;;Scontro frontale/laterale DX fra veicoli in marcia;Incrocio;Due carreggiate;Bagnato (pioggia);Asfaltata;Verticale ed orizzontale;Nuvoloso;Normale;Buona;Ore Diurne;0;0;0;4;12,45121;41,82002;-1;2;Autovettura privata;In marcia / fermata / arresto;Conducente;M;Illeso;0;;Utilizzato;Inesploso
3592085;12;09/12/2017 12:15;Strada Urbana;VIALE CITTA' D'EUROPA;all'intersezione con;VIA SIVIGLIA;VIA SIVIGLIA;;;Scontro frontale/laterale DX fra veicoli in marcia;Incrocio;Due carreggiate;Bagnato (pioggia);Asfaltata;Verticale ed orizzontale;Nuvoloso;Normale;Buona;Ore Diurne;0;0;0;4;12,45121;41,82002;-1;2;Autovettura privata;In marcia / fermata / arresto;Passeggero;M;Illeso;0;;Utilizzato;Inesploso
3592088;7;08/12/2017 23:45;Strada Urbana;VIA DAVIDE CAMPARI;da specificare;;;;all'altezza del palo Acea n° 39;Veicolo in marcia contro ostacolo fisso;Rettilineo;Una carreggiata a doppio senso;Bagnato (pioggia);Asfaltata;Verticale ed orizzontale;Pioggia in atto;Scarso;Buona;Sufficiente;1;0;0;0;12,58873;41,88571;-1;1;Autovettura privata;In marcia / fermata / arresto;Conducente;M;Ricoverato;0;NON DECEDUTO;Non accertato;Esploso
3592118;12;09/12/2017 00:25;Strada Urbana;VIA DELLE TRE FONTANE;all'intersezione con;VIALE DI VAL FIORITA;VIALE DI VAL FIORITA;;;Scontro frontale/laterale SX fra veicoli in marcia;Incrocio;Una carreggiata a doppio senso;Bagnato (pioggia);Asfaltata;Verticale ed orizzontale;Nuvoloso;Scarso;Sufficiente;Sufficiente;5;0;0;0;12,46806;41,84096;-1;1;Autovettura privata;In marcia / fermata / arresto;Conducente;M;Rimandato;0;NON DECEDUTO;Non accertato;Esploso
3592118;12;09/12/2017 00:25;Strada Urbana;VIA DELLE TRE FONTANE;all'intersezione con;VIALE DI VAL FIORITA;VIALE DI VAL FIORITA;;;Scontro frontale/laterale SX fra veicoli in marcia;Incrocio;Una carreggiata a doppio senso;Bagnato (pioggia);Asfaltata;Verticale ed orizzontale;Nuvoloso;Scarso;Sufficiente;Sufficiente;5;0;0;0;12,46806;41,84096;-1;1;Autovettura privata;In marcia / fermata / arresto;Passeggero;M;Rimandato;0;NON DECEDUTO;Non accertato;Inesploso
3592118;12;09/12/2017 00:25;Strada Urbana;VIA DELLE TRE FONTANE;all'intersezione con;VIALE DI VAL FIORITA;VIALE DI VAL FIORITA;;;Scontro frontale/laterale SX fra veicoli in marcia;Incrocio;Una carreggiata a doppio senso;Bagnato (pioggia);Asfaltata;Verticale ed orizzontale;Nuvoloso;Scarso;Sufficiente;Sufficiente;5;0;0;0;12,46806;41,84096;-1;1;Autovettura privata;In marcia / fermata / arresto;Passeggero;M;Rimandato;0;NON DECEDUTO;Non accertato;Inesploso
3592118;12;09/12/2017 00:25;Strada Urbana;VIA DELLE TRE FONTANE;all'intersezione con;VIALE DI VAL FIORITA;VIALE DI VAL FIORITA;;;Scontro frontale/laterale SX fra veicoli in marcia;Incrocio;Una carreggiata a doppio senso;Bagnato (pioggia);Asfaltata;Verticale ed orizzontale;Nuvoloso;Scarso;Sufficiente;Sufficiente;5;0;0;0;12,46806;41,84096;-1;2;Autovettura privata;In marcia / fermata / arresto;Conducente;M;Rimandato;0;NON DECEDUTO;Non accertato;Inesploso
3592121;2;07/12/2017 19:20;Strada Urbana;VIA SEBINO;in prossimità;;del civico n.;16;;Investimento di pedone;Rettilineo;Una carreggiata a doppio senso;Asciutto;Asfaltata;Orizzontale;Sereno;Normale;Buona;Sufficiente;1;0;0;1;12,50592;41,92194;-1;;;;Pedone;F;Illeso;0;;;
3592121;2;07/12/2017 19:20;Strada Urbana;VIA SEBINO;in prossimità;;del civico n.;16;;Investimento di pedone;Rettilineo;Una carreggiata a doppio senso;Asciutto;Asfaltata;Orizzontale;Sereno;Normale;Buona;Sufficiente;1;0;0;1;12,50592;41,92194;-1;1;Motociclo a solo;In marcia / fermata / arresto;Conducente;M;Rimandato;0;NON DECEDUTO;Non accertato;
3592123;9;08/12/2017 01:20;Strada Urbana;VIALE SPARTACO;all'intersezione semaforizzata con;VIA LUCIO SESTIO;VIA LUCIO SESTIO;;;Scontro frontale/laterale DX fra veicoli in marcia;Intersezione semaforizzata;Una carreggiata a doppio senso;Asciutto;Asfaltata;Verticale;Sereno;Scarso;Buona;Sufficiente;0;0;0;2;12,55526;41,85803;-1;1;Autovettura privata;In marcia / fermata / arresto;Conducente;M;Illeso;0;;Non accertato;Inesploso
3592123;9;08/12/2017 01:20;Strada Urbana;VIALE SPARTACO;all'intersezione semaforizzata con;VIA LUCIO SESTIO;VIA LUCIO SESTIO;;;Scontro frontale/laterale DX fra veicoli in marcia;Intersezione semaforizzata;Una carreggiata a doppio senso;Asciutto;Asfaltata;Verticale;Sereno;Scarso;Buona;Sufficiente;0;0;0;2;12,55526;41,85803;-1;2;Autovettura privata;In marcia / fermata / arresto;Conducente;M;Illeso;0;;Non accertato;Inesploso
3592129;9;08/12/2017 03:00;Strada Urbana;VIALE S. GIOVANNI BOSCO;all'intersezione semaforizzata con;VIA CALPURNIO FIAMMA;VIA CALPURNIO FIAMMA;;;Scontro frontale/laterale SX fra veicoli in marcia;Intersezione semaforizzata;Più di due carreggiate;Asciutto;Asfaltata;Verticale;Sereno;Scarso;Buona;Sufficiente;1;0;0;1;12,56103;41,86054;-1;1;Autovettura privata;In marcia / fermata / arresto;Conducente;M;Rimandato;0;NON DECEDUTO;Non accertato;Inesploso
3592129;9;08/12/2017 03:00;Strada Urbana;VIALE S. GIOVANNI BOSCO;all'intersezione semaforizzata con;VIA CALPURNIO FIAMMA;VIA CALPURNIO FIAMMA;;;Scontro frontale/laterale SX fra veicoli in marcia;Intersezione semaforizzata;Più di due carreggiate;Asciutto;Asfaltata;Verticale;Sereno;Scarso;Buona;Sufficiente;1;0;0;1;12,56103;41,86054;-1;2;Autovettura privata;In marcia / fermata / arresto;Conducente;M;Illeso;0;;;
3592145;9;10/12/2017 13:20;Strada Urbana;VIA FARSALO;da specificare;;;;VARIANTE CHE COLLEGA V. FARSALO A VIA DEI LATERANI;Scontro frontale fra veicoli in marcia;Curva senza visuale libera;Una carreggiata a doppio senso;Bagnato (pioggia);Asfaltata;Orizzontale;Pioggia in atto;Scarso;Buona;Ore Diurne;0;0;0;4;12,50456;41,88261;-1;1;Autovettura privata;In marcia / fermata / arresto;Conducente;F;Illeso;0;;Non accertato;Inesploso
3592145;9;10/12/2017 13:20;Strada Urbana;VIA FARSALO;da specificare;;;;VARIANTE CHE COLLEGA V. FARSALO A VIA DEI LATERANI;Scontro frontale fra veicoli in marcia;Curva senza visuale libera;Una carreggiata a doppio senso;Bagnato (pioggia);Asfaltata;Orizzontale;Pioggia in atto;Scarso;Buona;Ore Diurne;0;0;0;4;12,50456;41,88261;-1;2;Autovettura privata;In marcia / fermata / arresto;Conducente;M;Illeso;0;;Non accertato;Inesploso
3592145;9;10/12/2017 13:20;Strada Urbana;VIA FARSALO;da specificare;;;;VARIANTE CHE COLLEGA V. FARSALO A VIA DEI LATERANI;Scontro frontale fra veicoli in marcia;Curva senza visuale libera;Una carreggiata a doppio senso;Bagnato (pioggia);Asfaltata;Orizzontale;Pioggia in atto;Scarso;Buona;Ore Diurne;0;0;0;4;12,50456;41,88261;-1;2;Autovettura privata;In marcia / fermata / arresto;Passeggero;M;Illeso;0;;Utilizzato;Inesploso
3592145;9;10/12/2017 13:20;Strada Urbana;VIA FARSALO;da specificare;;;;VARIANTE CHE COLLEGA V. FARSALO A VIA DEI LATERANI;Scontro frontale fra veicoli in marcia;Curva senza visuale libera;Una carreggiata a doppio senso;Bagnato (pioggia);Asfaltata;Orizzontale;Pioggia in atto;Scarso;Buona;Ore Diurne;0;0;0;4;12,50456;41,88261;-1;2;Autovettura privata;In marcia / fermata / arresto;Passeggero;M;Illeso;0;;Utilizzato;Inesploso
3592148;2;08/12/2017 01:00;Strada Urbana;VIA BARTOLOMEO GOSIO;in corrispondenza;;del civico n.;95;;Veicolo in marcia contro veicolo in sosta;Rettilineo;Una carreggiata a senso unico di marcia;Asciutto;Asfaltata;Verticale ed orizzontale;Sereno;Scarso;Buona;Sufficiente;0;0;0;1;12,47397;41,94103;-1;2;Autovettura privata;In marcia / fermata / arresto;Conducente;M;Illeso;0;;Non accertato;
3592177;12;06/12/2017 17:00;Strada Urbana;VIALE DELL'ARTE;all'intersezione con;VIALE AMERICA;VIALE AMERICA;;;Infortunio per caduta del veicolo;Incrocio;Una carreggiata a doppio senso;Asciutto;Asfaltata;Verticale ed orizzontale;Sereno;Intenso;Buona;Ore Diurne;1;0;0;0;12,47358;41,82813;-1;1;Motociclo a solo;In marcia / fermata / arresto;Conducente;M;Rimandato;0;NON DECEDUTO;Non accertato;
3592182;13;10/12/2017 15:20;Strada Urbana;VIALE DEI ROMAGNOLI;da specificare;;;;prossimità via di Tor Boacciana;Ribaltamento senza urto contro ostacolo fisso;Curva a visuale libera;Una carreggiata a senso unico di marcia;Bagnato (pioggia);Asfaltata;Orizzontale;Pioggia in atto;Normale;Sufficiente;Sufficiente;0;0;0;1;12,29941;41,75531;-1;1;Autovettura privata;In marcia / fermata / arresto;Conducente;M;Illeso;0;;Non accertato;Inesploso
3592183;12;06/12/2017 17:00;Strada Urbana;VIA LAURENTINA;all'intersezione semaforizzata con;VIA DI ACQUA ACETOSA OSTIENSE;VIA DI ACQUA ACETOSA OSTIENSE;;;Infortunio per sola frenata improvvisa;Incrocio;Due carreggiate;Asciutto;Asfaltata;Verticale ed orizzontale;Sereno;Intenso;Buona;Ore Diurne;0;0;0;1;12,48115;41,8012;-1;1;Motociclo a solo;In marcia / fermata / arresto;Conducente;M;Illeso;0;;Utilizzato;
3592187;12;06/12/2017 22:00;Strada Urbana;VIA FRANCESCO SAPORI;da specificare;;;;in prossimità di Via NICOLA LISI;Veicolo in marcia contro ostacolo fisso;Rettilineo;Due carreggiate;Asciutto;Asfaltata;Verticale ed orizzontale;Sereno;Normale;Buona;Sufficiente;0;0;0;2;12,48428;41,81151;-1;1;Autovettura privata;In marcia / fermata / arresto;Conducente;M;Illeso;0;;Non accertato;Inesploso
3592187;12;06/12/2017 22:00;Strada Urbana;VIA FRANCESCO SAPORI;da specificare;;;;in prossimità di Via NICOLA LISI;Veicolo in marcia contro ostacolo fisso;Rettilineo;Due carreggiate;Asciutto;Asfaltata;Verticale ed orizzontale;Sereno;Normale;Buona;Sufficiente;0;0;0;2;12,48428;41,81151;-1;1;Autovettura privata;In marcia / fermata / arresto;Passeggero;M;Illeso;0;;;
3592189;2;08/12/2017 21:00;Strada Urbana;VIALE BRUNO BUOZZI;all'intersezione semaforizzata con;VIA ANTONIO GRAMSCI;VIA ANTONIO GRAMSCI;;;Scontro frontale fra veicoli in marcia;Intersezione semaforizzata;Una carreggiata a doppio senso;Bagnato (pioggia);Asfaltata;Verticale ed orizzontale;Pioggia in atto;Scarso;Sufficiente;Sufficiente;1;0;0;1;12,47897;41,91969;-1;1;Autovettura privata;In marcia / fermata / arresto;Conducente;M;Illeso;0;;;
3592189;2;08/12/2017 21:00;Strada Urbana;VIALE BRUNO BUOZZI;all'intersezione semaforizzata con;VIA ANTONIO GRAMSCI;VIA ANTONIO GRAMSCI;;;Scontro frontale fra veicoli in marcia;Intersezione semaforizzata;Una carreggiata a doppio senso;Bagnato (pioggia);Asfaltata;Verticale ed orizzontale;Pioggia in atto;Scarso;Sufficiente;Sufficiente;1;0;0;1;12,47897;41,91969;-1;2;Motociclo a solo;In marcia / fermata / arresto;Conducente;M;Rimandato;0;NON DECEDUTO;;
3592207;12;06/12/2017 07:45;Strada Urbana;VIA DI MEZZOCAMMINO;da specificare;;;;alt. Via Colombo;Scontro frontale fra veicoli in marcia;Curva senza visuale libera;Una carreggiata a senso unico di marcia;Asciutto;Asfaltata;Verticale ed orizzontale;Sereno;Normale;Buona;Ore Diurne;0;0;0;2;12,42475;41,7884;-1;1;Autovettura privata;In marcia / fermata / arresto;Conducente;M;Illeso;0;;Non accertato;Inesploso
3592207;12;06/12/2017 07:45;Strada Urbana;VIA DI MEZZOCAMMINO;da specificare;;;;alt. Via Colombo;Scontro frontale fra veicoli in marcia;Curva senza visuale libera;Una carreggiata a senso unico di marcia;Asciutto;Asfaltata;Verticale ed orizzontale;Sereno;Normale;Buona;Ore Diurne;0;0;0;2;12,42475;41,7884;-1;2;Autovettura privata;In marcia / fermata / arresto;Conducente;M;Illeso;0;;Utilizzato;Inesploso
3592208;12;06/12/2017 19:17;Strada Urbana;VIA LAURENTINA;all'intersezione con;VIA DI TOR PAGNOTTA;VIA DI TOR PAGNOTTA;;;Scontro laterale fra veicoli in marcia;Rotatoria;Una carreggiata a senso unico di marcia;Asciutto;Asfaltata;Verticale ed orizzontale;Sereno;Normale;Buona;Sufficiente;0;0;0;3;12,4824;41,80373;-1;1;Autovettura privata;In marcia / fermata / arresto;Conducente;M;Illeso;0;;Non accertato;Inesploso
3592208;12;06/12/2017 19:17;Strada Urbana;VIA LAURENTINA;all'intersezione con;VIA DI TOR PAGNOTTA;VIA DI TOR PAGNOTTA;;;Scontro laterale fra veicoli in marcia;Rotatoria;Una carreggiata a senso unico di marcia;Asciutto;Asfaltata;Verticale ed orizzontale;Sereno;Normale;Buona;Sufficiente;0;0;0;3;12,4824;41,80373;-1;2;Autovettura privata;In marcia / fermata / arresto;Conducente;M;Illeso;0;;;
3592208;12;06/12/2017 19:17;Strada Urbana;VIA LAURENTINA;all'intersezione con;VIA DI TOR PAGNOTTA;VIA DI TOR PAGNOTTA;;;Scontro laterale fra veicoli in marcia;Rotatoria;Una carreggiata a senso unico di marcia;Asciutto;Asfaltata;Verticale ed orizzontale;Sereno;Normale;Buona;Sufficiente;0;0;0;3;12,4824;41,80373;-1;2;Autovettura privata;In marcia / fermata / arresto;Passeggero;F;Illeso;0;;;
3592211;12;07/12/2017 09:15;Strada Urbana;VIA MARIO CARUCCI;da specificare;;;;al. benzinaio IP (civ. 16);Scontro frontale fra veicoli in marcia;Curva senza visuale libera;Una carreggiata a doppio senso;Asciutto;Asfaltata;Verticale ed orizzontale;Nuvoloso;Normale;Buona;Ore Diurne;1;0;0;1;12,49028;41,79837;-1;1;Filobus;In marcia / fermata / arresto;Conducente;M;Illeso;0;;;
3592211;12;07/12/2017 09:15;Strada Urbana;VIA MARIO CARUCCI;da specificare;;;;al. benzinaio IP (civ. 16);Scontro frontale fra veicoli in marcia;Curva senza visuale libera;Una carreggiata a doppio senso;Asciutto;Asfaltata;Verticale ed orizzontale;Nuvoloso;Normale;Buona;Ore Diurne;1;0;0;1;12,49028;41,79837;-1;2;Autovettura privata;In marcia / fermata / arresto;Conducente;M;Rimandato;0;NON DECEDUTO;;
3592213;2;08/12/2017 23:40;Strada Urbana;VIA SALARIA;in prossimità;;della chilometrica;14.55;;Veicolo in marcia contro ostacolo fisso;Rettilineo;Due carreggiate;Bagnato (pioggia);Asfaltata;Verticale ed orizzontale;Nuvoloso;Scarso;Buona;Sufficiente;1;0;0;0;12,51783;41,98705;-1;1;Motociclo a solo;In marcia / fermata / arresto;Conducente;M;Rimandato;0;NON DECEDUTO;;
3592216;12;06/12/2017 15:00;Strada Urbana;VIA CRISTOFORO COLOMBO;da specificare;;;;prox Via Umanesimo direz. Gra;Tamponamento Multiplo;Rettilineo;Una carreggiata a senso unico di marcia;Asciutto;Asfaltata;Verticale ed orizzontale;Sereno;Intenso;Buona;Ore Diurne;1;0;0;2;12,41155;41,78584;-1;1;Autovettura privata;In marcia / fermata / arresto;Conducente;F;Rimandato;0;NON DECEDUTO;;
3592216;12;06/12/2017 15:00;Strada Urbana;VIA CRISTOFORO COLOMBO;da specificare;;;;prox Via Umanesimo direz. Gra;Tamponamento Multiplo;Rettilineo;Una carreggiata a senso unico di marcia;Asciutto;Asfaltata;Verticale ed orizzontale;Sereno;Intenso;Buona;Ore Diurne;1;0;0;2;12,41155;41,78584;-1;2;Autovettura privata;In marcia / fermata / arresto;Conducente;M;Illeso;0;;;
3592216;12;06/12/2017 15:00;Strada Urbana;VIA CRISTOFORO COLOMBO;da specificare;;;;prox Via Umanesimo direz. Gra;Tamponamento Multiplo;Rettilineo;Una carreggiata a senso unico di marcia;Asciutto;Asfaltata;Verticale ed orizzontale;Sereno;Intenso;Buona;Ore Diurne;1;0;0;2;12,41155;41,78584;-1;3;Autovettura privata;In marcia / fermata / arresto;Conducente;M;Illeso;0;;;
3592221;12;07/12/2017 19:30;Strada Urbana;VIA OSTIENSE;all'intersezione con;VIA DELL'IPPICA;VIA DELL'IPPICA;;;Scontro laterale fra veicoli in marcia;Incrocio;Una carreggiata a doppio senso;Asciutto;Asfaltata;Verticale ed orizzontale;Sereno;Normale;Buona;Sufficiente;2;0;0;1;12,43583;41,81934;-1;1;Autovettura privata;In marcia / fermata / arresto;Conducente;M;Illeso;0;;Utilizzato;Inesploso