Protocollo;Gruppo;DataOraIncidente;Localizzazione1;STRADA1;Localizzazione2;STRADA2;Strada02;Chilometrica;DaSpecificare;NaturaIncidente;particolaritastrade;TipoStrada;FondoStradale;Pavimentazione;Segnaletica;CondizioneAtmosferica;Traffico;Visibilita;Illuminazione;NUM_FERITI;NUM_RISERVATA;NUM_MORTI;NUM_ILLESI;Longitudine;Latitudine;Confermato;Progressivo;TipoVeicolo;StatoVeicolo;TipoPersona;Sesso;Tipolesione;Deceduto;DecedutoDopo;CinturaCascoUtilizzato;Airbag
3598647;18;14/12/2017 05:30;Strada Urbana;VIA AURELIA;da specificare;;;;svincolo per via Licio Giorgieri;Veicolo in marcia contro ostacolo fisso;Curva a visuale libera;Due carreggiate;Bagnato (pioggia);Asfaltata;Verticale ed orizzontale;Pioggia in atto;Normale;Buona;Sufficiente;0;0;0;1;12,40019;41,88574;-1;1;Autovettura privata;In marcia / fermata / arresto;Conducente;F;Illeso;0;;Non accertato;Esploso
3598648;1;14/12/2017 10:40;Strada Urbana;VIA GIOVANNI GIOLITTI;in prossimità;;del civico n.;61;;Investimento di pedone;Rettilineo;Più di due carreggiate;Asciutto;Asfaltata;Verticale ed orizzontale;Nuvoloso;Normale;Buona;Ore Diurne;1;0;0;1;12,50075;41,90013;-1;;;;Pedone;M;Rimandato;0;NON DECEDUTO;;
3598648;1;14/12/2017 10:40;Strada Urbana;VIA GIOVANNI GIOLITTI;in prossimità;;del civico n.;61;;Investimento di pedone;Rettilineo;Più di due carreggiate;Asciutto;Asfaltata;Verticale ed orizzontale;Nuvoloso;Normale;Buona;Ore Diurne;1;0;0;1;12,50075;41,90013;-1;1;Autocarro inferiore 35 q.;In marcia / fermata / arresto;Conducente;M;Illeso;0;;Utilizzato;Inesploso
3598660;12;10/12/2017 10:50;Strada Urbana;PIAZZALE CINA;da specificare;;;;altezza via Fiume Giallo;Scontro frontale fra veicoli in marcia;Rotatoria;Una carreggiata a senso unico di marcia;Asciutto;Asfaltata;Verticale ed orizzontale;Nuvoloso;Normale;Buona;Ore Diurne;0;0;0;2;12,43265;41,80795;-1;1;Autovettura privata;In marcia / fermata / arresto;Conducente;F;Illeso;0;;Utilizzato;Inesploso
3598660;12;10/12/2017 10:50;Strada Urbana;PIAZZALE CINA;da specificare;;;;altezza via Fiume Giallo;Scontro frontale fra veicoli in marcia;Rotatoria;Una carreggiata a senso unico di marcia;Asciutto;Asfaltata;Verticale ed orizzontale;Nuvoloso;Normale;Buona;Ore Diurne;0;0;0;2;12,43265;41,80795;-1;2;Autovettura privata;In marcia / fermata / arresto;Conducente;M;Illeso;0;;Utilizzato;Inesploso
3598671;10;14/12/2017 14:45;Strada Urbana;VIA LUCREZIA ROMANA;all'intersezione con;VIA MARIO BROGLIO;VIA MARIO BROGLIO;;;Scontro frontale/laterale DX fra veicoli in marcia;Incrocio;Una carreggiata a doppio senso;Bagnato (pioggia);Asfaltata;Verticale ed orizzontale;Pioggia in atto;Normale;Sufficiente;Ore Diurne;2;0;0;2;12,57841;41,83224;-1;1;Autovettura privata;In marcia / fermata / arresto;Conducente;M;Illeso;0;;Non accertato;Inesploso
3598671;10;14/12/2017 14:45;Strada Urbana;VIA LUCREZIA ROMANA;all'intersezione con;VIA MARIO BROGLIO;VIA MARIO BROGLIO;;;Scontro frontale/laterale DX fra veicoli in marcia;Incrocio;Una carreggiata a doppio senso;Bagnato (pioggia);Asfaltata;Verticale ed orizzontale;Pioggia in atto;Normale;Sufficiente;Ore Diurne;2;0;0;2;12,57841;41,83224;-1;1;Autovettura privata;In marcia / fermata / arresto;Passeggero;F;Illeso;0;;Non accertato;Inesploso
3598671;10;14/12/2017 14:45;Strada Urbana;VIA LUCREZIA ROMANA;all'intersezione con;VIA MARIO BROGLIO;VIA MARIO BROGLIO;;;Scontro frontale/laterale DX fra veicoli in marcia;Incrocio;Una carreggiata a doppio senso;Bagnato (pioggia);Asfaltata;Verticale ed orizzontale;Pioggia in atto;Normale;Sufficiente;Ore Diurne;2;0;0;2;12,57841;41,83224;-1;2;Motociclo a solo;In marcia / fermata / arresto;Conducente;M;Rimandato;0;NON DECEDUTO;Non accertato;
3598671;10;14/12/2017 14:45;Strada Urbana;VIA LUCREZIA ROMANA;all'intersezione con;VIA MARIO BROGLIO;VIA MARIO BROGLIO;;;Scontro frontale/laterale DX fra veicoli in marcia;Incrocio;Una carreggiata a doppio senso;Bagnato (pioggia);Asfaltata;Verticale ed orizzontale;Pioggia in atto;Normale;Sufficiente;Ore Diurne;2;0;0;2;12,57841;41,83224;-1;2;Motociclo a solo;In marcia / fermata / arresto;Passeggero;M;Rimandato;0;NON DECEDUTO;Non accertato;
3598708;18;14/12/2017 09:05;Statale entro l'abitato;VIA AURELIA;in prossimità;;del civico n.;660;;Scontro laterale fra veicoli in marcia;Rettilineo;Due carreggiate;Asciutto;Asfaltata;Verticale ed orizzontale;Nuvoloso;Normale;Buona;Ore Diurne;0;0;0;5;12,41641;41,89479;-1;1;Autovettura privata;In marcia / fermata / arresto;Conducente;M;Illeso;0;;;
3598708;18;14/12/2017 09:05;Statale entro l'abitato;VIA AURELIA;in prossimità;;del civico n.;660;;Scontro laterale fra veicoli in marcia;Rettilineo;Due carreggiate;Asciutto;Asfaltata;Verticale ed orizzontale;Nuvoloso;Normale;Buona;Ore Diurne;0;0;0;5;12,41641;41,89479;-1;1;Autovettura privata;In marcia / fermata / arresto;Passeggero;F;Illeso;0;;;
3598708;18;14/12/2017 09:05;Statale entro l'abitato;VIA AURELIA;in prossimità;;del civico n.;660;;Scontro laterale fra veicoli in marcia;Rettilineo;Due carreggiate;Asciutto;Asfaltata;Verticale ed orizzontale;Nuvoloso;Normale;Buona;Ore Diurne;0;0;0;5;12,41641;41,89479;-1;1;Autovettura privata;In marcia / fermata / arresto;Passeggero;F;Illeso;0;;;
3598708;18;14/12/2017 09:05;Statale entro l'abitato;VIA AURELIA;in prossimità;;del civico n.;660;;Scontro laterale fra veicoli in marcia;Rettilineo;Due carreggiate;Asciutto;Asfaltata;Verticale ed orizzontale;Nuvoloso;Normale;Buona;Ore Diurne;0;0;0;5;12,41641;41,89479;-1;2;Autovettura privata;In marcia / fermata / arresto;Conducente;F;Illeso;0;;;
3598708;18;14/12/2017 09:05;Statale entro l'abitato;VIA AURELIA;in prossimità;;del civico n.;660;;Scontro laterale fra veicoli in marcia;Rettilineo;Due carreggiate;Asciutto;Asfaltata;Verticale ed orizzontale;Nuvoloso;Normale;Buona;Ore Diurne;0;0;0;5;12,41641;41,89479;-1;2;Autovettura privata;In marcia / fermata / arresto;Passeggero;F;Illeso;0;;;
3598709;13;14/12/2017 12:50;Strada Urbana;VIALE DI CASTEL PORZIANO;all'intersezione con;VIA CASTELLO TESINO;VIA CASTELLO TESINO;;;Scontro laterale fra veicoli in marcia;Incrocio;Una carreggiata a doppio senso;Asciutto;Asfaltata;Assente;Sereno;Normale;Buona;Ore Diurne;0;0;0;1;12,34914;41,73083;-1;1;Autovettura privata;In marcia / fermata / arresto;Conducente;F;Illeso;0;;;
3598718;12;10/12/2017 01:35;Strada Urbana;VIA CRISTOFORO COLOMBO;all'intersezione semaforizzata con;VIALE EUROPA;VIALE EUROPA;;;Tamponamento;Intersezione semaforizzata;Due carreggiate;Asciutto;Asfaltata;Verticale ed orizzontale;Sereno;Scarso;Buona;Sufficiente;0;0;0;2;12,46928;41,83084;-1;1;Autovettura privata;In marcia / fermata / arresto;Conducente;M;Illeso;0;;Non accertato;Inesploso
3598718;12;10/12/2017 01:35;Strada Urbana;VIA CRISTOFORO COLOMBO;all'intersezione semaforizzata con;VIALE EUROPA;VIALE EUROPA;;;Tamponamento;Intersezione semaforizzata;Due carreggiate;Asciutto;Asfaltata;Verticale ed orizzontale;Sereno;Scarso;Buona;Sufficiente;0;0;0;2;12,46928;41,83084;-1;2;Autovettura privata;In marcia / fermata / arresto;Conducente;M;Illeso;0;;Non accertato;Inesistente
3598869;10;14/12/2017 16:00;Statale entro l'abitato;VIA ANAGNINA;da specificare;;;;rampa entrata GRA direzione Firenze;Tamponamento;Sottopasso illuminato;Una carreggiata a senso unico di marcia;Bagnato (umidità in atto);Asfaltata;Verticale ed orizzontale;Nuvoloso;Normale;Sufficiente;Sufficiente;1;0;0;1;12,59101;41,83669;-1;1;Autovettura privata;In marcia / fermata / arresto;Conducente;M;Illeso;0;;Non accertato;Inesploso
3598869;10;14/12/2017 16:00;Statale entro l'abitato;VIA ANAGNINA;da specificare;;;;rampa entrata GRA direzione Firenze;Tamponamento;Sottopasso illuminato;Una carreggiata a senso unico di marcia;Bagnato (umidità in atto);Asfaltata;Verticale ed orizzontale;Nuvoloso;Normale;Sufficiente;Sufficiente;1;0;0;1;12,59101;41,83669;-1;2;Motociclo a solo;In marcia / fermata / arresto;Conducente;M;Rimandato;0;NON DECEDUTO;Non accertato;
3598907;15;14/12/2017 06:45;Strada Urbana;VIA DELLA MAGLIANA;in prossimità;;del civico n.;424;;Veicolo in marcia contro ostacolo fisso;Curva a visuale libera;Una carreggiata a doppio senso;Asciutto;Asfaltata;Assente;Nuvoloso;Normale;Sufficiente;Ore Diurne;2;0;0;0;12,4472;41,83391;-1;1;Autovettura privata;In marcia / fermata / arresto;Conducente;M;Rimandato;0;NON DECEDUTO;;Esploso
3598907;15;14/12/2017 06:45;Strada Urbana;VIA DELLA MAGLIANA;in prossimità;;del civico n.;424;;Veicolo in marcia contro ostacolo fisso;Curva a visuale libera;Una carreggiata a doppio senso;Asciutto;Asfaltata;Assente;Nuvoloso;Normale;Sufficiente;Ore Diurne;2;0;0;0;12,4472;41,83391;-1;1;Autovettura privata;In marcia / fermata / arresto;Passeggero;F;Rimandato;0;NON DECEDUTO;Utilizzato;Esploso
3598916;15;14/12/2017 07:25;Strada Urbana;VIA DELLA MAGLIANA;da specificare;;;;prossimità fronte civ. 484;Veicolo in marcia contro ostacolo accidentale;Rettilineo;Una carreggiata a doppio senso;Asciutto;Asfaltata;Assente;Nuvoloso;Normale;Buona;Ore Diurne;0;0;0;1;12,4243;41,83404;-1;1;Autovettura privata;In marcia / fermata / arresto;Conducente;M;Illeso;0;;Utilizzato;
3598922;5;14/12/2017 14:20;Strada Urbana;VIA TIBURTINA;in corrispondenza;;del civico n.;1106;;Scontro laterale fra veicoli in marcia;Rettilineo;Due carreggiate;Bagnato (pioggia);Asfaltata;Verticale ed orizzontale;Pioggia in atto;Normale;Buona;Ore Diurne;0;0;0;2;12,58982;41,93298;-1;1;Motociclo a solo;In marcia / fermata / arresto;Conducente;M;Illeso;0;;Non accertato;
3598922;5;14/12/2017 14:20;Strada Urbana;VIA TIBURTINA;in corrispondenza;;del civico n.;1106;;Scontro laterale fra veicoli in marcia;Rettilineo;Due carreggiate;Bagnato (pioggia);Asfaltata;Verticale ed orizzontale;Pioggia in atto;Normale;Buona;Ore Diurne;0;0;0;2;12,58982;41,93298;-1;2;Autovettura privata;In marcia / fermata / arresto;Conducente;M;Illeso;0;;Non accertato;
3598962;5;14/12/2017 16:30;Strada Urbana;VIA DEI CRISPOLTI;all'intersezione con;VIA LUIGI CESANA;VIA LUIGI CESANA;;;Scontro frontale/laterale SX fra veicoli in marcia;Incrocio;Una carreggiata a doppio senso;Bagnato (pioggia);Asfaltata;Verticale;Pioggia in atto;Normale;Buona;Ore Diurne;0;0;0;3;12,55237;41,91047;-1;1;Autovettura privata;In marcia / fermata / arresto;Conducente;F;Illeso;0;;Non accertato;
3598962;5;14/12/2017 16:30;Strada Urbana;VIA DEI CRISPOLTI;all'intersezione con;VIA LUIGI CESANA;VIA LUIGI CESANA;;;Scontro frontale/laterale SX fra veicoli in marcia;Incrocio;Una carreggiata a doppio senso;Bagnato (pioggia);Asfaltata;Verticale;Pioggia in atto;Normale;Buona;Ore Diurne;0;0;0;3;12,55237;41,91047;-1;1;Autovettura privata;In marcia / fermata / arresto;Passeggero;F;Illeso;0;;;
3598962;5;14/12/2017 16:30;Strada Urbana;VIA DEI CRISPOLTI;all'intersezione con;VIA LUIGI CESANA;VIA LUIGI CESANA;;;Scontro frontale/laterale SX fra veicoli in marcia;Incrocio;Una carreggiata a doppio senso;Bagnato (pioggia);Asfaltata;Verticale;Pioggia in atto;Normale;Buona;Ore Diurne;0;0;0;3;12,55237;41,91047;-1;2;Autovettura privata;In marcia / fermata / arresto;Conducente;F;Illeso;0;;;
3598966;13;14/12/2017 17:20;Strada Urbana;VIA DI MACCHIA SAPONARA;in prossimità;;del civico n.;128a;;Tamponamento;Rettilineo;Una carreggiata a doppio senso;Asciutto;Asfaltata;Assente;Sereno;Intenso;Buona;Sufficiente;1;0;0;3;12,35844;41,76585;-1;1;Autovettura privata;In marcia / fermata / arresto;Conducente;F;Illeso;0;;Non accertato;Inesploso
3598966;13;14/12/2017 17:20;Strada Urbana;VIA DI MACCHIA SAPONARA;in prossimità;;del civico n.;128a;;Tamponamento;Rettilineo;Una carreggiata a doppio senso;Asciutto;Asfaltata;Assente;Sereno;Intenso;Buona;Sufficiente;1;0;0;3;12,35844;41,76585;-1;1;Autovettura privata;In marcia / fermata / arresto;Passeggero;F;Illeso;0;;Non accertato;Inesploso
3598966;13;14/12/2017 17:20;Strada Urbana;VIA DI MACCHIA SAPONARA;in prossimità;;del civico n.;128a;;Tamponamento;Rettilineo;Una carreggiata a doppio senso;Asciutto;Asfaltata;Assente;Sereno;Intenso;Buona;Sufficiente;1;0;0;3;12,35844;41,76585;-1;2;Autovettura privata;In marcia / fermata / arresto;Conducente;F;Rimandato;0;NON DECEDUTO;Non accertato;Inesploso
3598966;13;14/12/2017 17:20;Strada Urbana;VIA DI MACCHIA SAPONARA;in prossimità;;del civico n.;128a;;Tamponamento;Rettilineo;Una carreggiata a doppio senso;Asciutto;Asfaltata;Assente;Sereno;Intenso;Buona;Sufficiente;1;0;0;3;12,35844;41,76585;-1;2;Autovettura privata;In marcia / fermata / arresto;Passeggero;M;Illeso;0;;Non accertato;Inesploso
3598986;10;14/12/2017 17:20;Strada Urbana;VIA LICINIO STOLONE;in prossimità;;del civico n.;57;;Investimento di pedone;Rettilineo;Una carreggiata a senso unico di marcia;Asciutto;Asfaltata;Assente;Nebbia;Normale;Sufficiente;Sufficiente;1;0;0;1;12,56644;41,85615;-1;;;;Pedone;M;Rimandato;0;NON DECEDUTO;;
3598986;10;14/12/2017 17:20;Strada Urbana;VIA LICINIO STOLONE;in prossimità;;del civico n.;57;;Investimento di pedone;Rettilineo;Una carreggiata a senso unico di marcia;Asciutto;Asfaltata;Assente;Nebbia;Normale;Sufficiente;Sufficiente;1;0;0;1;12,56644;41,85615;-1;1;Autovettura privata;In marcia / fermata / arresto;Conducente;F;Illeso;0;;Non accertato;Inesploso
3599038;1;14/12/2017 13:40;Strada Urbana;PIAZZA DEI PONZIANI;in corrispondenza;;del civico n.;12;;Veicolo in marcia contro veicolo fermo;Rettilineo;Una carreggiata a senso unico di marcia;Asciutto;Acciotolata;Verticale ed orizzontale;Nuvoloso;Scarso;Buona;Ore Diurne;0;0;0;2;12,47772;41,88866;-1;1;Autovettura di polizia;In marcia / fermata / arresto;Conducente;M;Illeso;0;;Esente;
3599038;1;14/12/2017 13:40;Strada Urbana;PIAZZA DEI PONZIANI;in corrispondenza;;del civico n.;12;;Veicolo in marcia contro veicolo fermo;Rettilineo;Una carreggiata a senso unico di marcia;Asciutto;Acciotolata;Verticale ed orizzontale;Nuvoloso;Scarso;Buona;Ore Diurne;0;0;0;2;12,47772;41,88866;-1;2;Autocarro inferiore 35 q.;In marcia / fermata / arresto;Conducente;F;Illeso;0;;Utilizzato;Inesploso
3599095;15;14/12/2017 18:55;Strada Urbana;VIADOTTO DELLA MAGLIANA;da specificare;;;;rampa accesso viadotto direzione Eur;Tamponamento Multiplo;Rettilineo;Una carreggiata a senso unico di marcia;Asciutto;Asfaltata;Verticale ed orizzontale;Nuvoloso;Intenso;Sufficiente;Sufficiente;1;0;0;2;12,45779;41,83937;-1;1;Autovettura privata;In marcia / fermata / arresto;Conducente;M;Rifiuta cure immediate;0;NON DECEDUTO;Non accertato;Inesploso
3599095;15;14/12/2017 18:55;Strada Urbana;VIADOTTO DELLA MAGLIANA;da specificare;;;;rampa accesso viadotto direzione Eur;Tamponamento Multiplo;Rettilineo;Una carreggiata a senso unico di marcia;Asciutto;Asfaltata;Verticale ed orizzontale;Nuvoloso;Intenso;Sufficiente;Sufficiente;1;0;0;2;12,45779;41,83937;-1;2;Autovettura privata;In marcia / fermata / arresto;Conducente;M;Illeso;0;;Non accertato;Inesploso
3599095;15;14/12/2017 18:55;Strada Urbana;VIADOTTO DELLA MAGLIANA;da specificare;;;;rampa accesso viadotto direzione Eur;Tamponamento Multiplo;Rettilineo;Una carreggiata a senso unico di marcia;Asciutto;Asfaltata;Verticale ed orizzontale;Nuvoloso;Intenso;Sufficiente;Sufficiente;1;0;0;2;12,45779;41,83937;-1;3;Autovettura privata;In marcia / fermata / arresto;Conducente;M;Illeso;0;;Non accertato;Inesploso
3599120;3;13/12/2017 19:25;Strada Urbana;VIA NOMENTANA;da specificare;;;;prossimità fronte civico 116;Tamponamento;Rettilineo;Più di due carreggiate;Asciutto;Asfaltata;Orizzontale;Sereno;Intenso;Buona;Sufficiente;2;0;0;0;12,51531;41,91885;-1;1;Autovettura privata;In marcia / fermata / arresto;Conducente;F;Rifiuta cure immediate;0;NON DECEDUTO;Non accertato;
3599120;3;13/12/2017 19:25;Strada Urbana;VIA NOMENTANA;da specificare;;;;prossimità fronte civico 116;Tamponamento;Rettilineo;Più di due carreggiate;Asciutto;Asfaltata;Orizzontale;Sereno;Intenso;Buona;Sufficiente;2;0;0;0;12,51531;41,91885;-1;2;Autovettura privata;In marcia / fermata / arresto;Conducente;F;Rifiuta cure immediate;0;NON DECEDUTO;Non accertato;
3599475;19;14/12/2017 11:55;Strada Urbana;VIA DI TORREVECCHIA;all'intersezione con;VIA GAETANO PERUSINI;VIA GAETANO PERUSINI;;;Scontro frontale/laterale DX fra veicoli in marcia;Incrocio;Una carreggiata a doppio senso;Bagnato (pioggia);Asfaltata;Verticale;Nuvoloso;Normale;Sufficiente;Ore Diurne;0;0;0;2;12,41223;41,92332;-1;1;Autovettura privata;In marcia / fermata / arresto;Conducente;M;Illeso;0;;;
3599475;19;14/12/2017 11:55;Strada Urbana;VIA DI TORREVECCHIA;all'intersezione con;VIA GAETANO PERUSINI;VIA GAETANO PERUSINI;;;Scontro frontale/laterale DX fra veicoli in marcia;Incrocio;Una carreggiata a doppio senso;Bagnato (pioggia);Asfaltata;Verticale;Nuvoloso;Normale;Sufficiente;Ore Diurne;0;0;0;2;12,41223;41,92332;-1;2;Autovettura privata;In marcia / fermata / arresto;Conducente;F;Illeso;0;;;
3599484;11;14/12/2017 08:10;Strada Urbana;LARGO ENEA BORTOLOTTI;da specificare;;;;fr.civ.12;Investimento di pedone;Rotatoria;Due carreggiate;Bagnato (umidità in atto);Asfaltata;Verticale ed orizzontale;Nuvoloso;Normale;Buona;Ore Diurne;1;0;0;1;12,47268;41,85486;-1;;;;Pedone;M;Rimandato;0;NON DECEDUTO;;
3599484;11;14/12/2017 08:10;Strada Urbana;LARGO ENEA BORTOLOTTI;da specificare;;;;fr.civ.12;Investimento di pedone;Rotatoria;Due carreggiate;Bagnato (umidità in atto);Asfaltata;Verticale ed orizzontale;Nuvoloso;Normale;Buona;Ore Diurne;1;0;0;1;12,47268;41,85486;-1;1;Autovettura privata;In marcia / fermata / arresto;Conducente;M;Illeso;0;;Non accertato;
3599488;11;14/12/2017 12:45;Strada Urbana;VIALE GIUSTINIANO IMPERATORE;da specificare;;;;sottopasso prossimità civico 15;Investimento di pedone;Sottopasso non illuminato;Una carreggiata a senso unico di marcia;Asciutto;Asfaltata;Verticale ed orizzontale;Nuvoloso;Normale;Sufficiente;Ore Diurne;1;0;0;1;12,4784;41,85688;-1;;;;Pedone;F;Rimandato;0;NON DECEDUTO;;
3599488;11;14/12/2017 12:45;Strada Urbana;VIALE GIUSTINIANO IMPERATORE;da specificare;;;;sottopasso prossimità civico 15;Investimento di pedone;Sottopasso non illuminato;Una carreggiata a senso unico di marcia;Asciutto;Asfaltata;Verticale ed orizzontale;Nuvoloso;Normale;Sufficiente;Ore Diurne;1;0;0;1;12,4784;41,85688;-1;1;Autovettura privata;In marcia / fermata / arresto;Conducente;F;Illeso;0;;;
3599494;8;14/12/2017 16:00;Strada Urbana;VIA DI TORRENOVA;in corrispondenza;;del civico n.;178/B;;Scontro frontale/laterale DX fra veicoli in marcia;Rettilineo;Una carreggiata a doppio senso;Asciutto;Asfaltata;Verticale ed orizzontale;Nuvoloso;Normale;Buona;Ore Diurne;0;0;0;2;12,61919;41,8763;-1;1;Autovettura privata;In marcia / fermata / arresto;Conducente;M;Illeso;0;;Non accertato;Inesploso
3599494;8;14/12/2017 16:00;Strada Urbana;VIA DI TORRENOVA;in corrispondenza;;del civico n.;178/B;;Scontro frontale/laterale DX fra veicoli in marcia;Rettilineo;Una carreggiata a doppio senso;Asciutto;Asfaltata;Verticale ed orizzontale;Nuvoloso;Normale;Buona;Ore Diurne;0;0;0;2;12,61919;41,8763;-1;2;Autovettura privata;In marcia / fermata / arresto;Conducente;M;Illeso;0;;Non accertato;Inesploso
3599496;8;15/12/2017 01:25;Statale entro l'abitato;VIA CASILINA;in prossimità;;del civico n.;1665;;Tamponamento;Rettilineo;Una carreggiata a doppio senso;Bagnato (pioggia);Asfaltata;Verticale ed orizzontale;Nuvoloso;Scarso;Buona;Sufficiente;0;0;0;2;12,64429;41,86267;-1;1;Autovettura privata;In marcia / fermata / arresto;Conducente;M;Illeso;0;;Non accertato;Inesploso
3599496;8;15/12/2017 01:25;Statale entro l'abitato;VIA CASILINA;in prossimità;;del civico n.;1665;;Tamponamento;Rettilineo;Una carreggiata a doppio senso;Bagnato (pioggia);Asfaltata;Verticale ed orizzontale;Nuvoloso;Scarso;Buona;Sufficiente;0;0;0;2;12,64429;41,86267;-1;2;Autovettura privata;In marcia / fermata / arresto;Conducente;M;Illeso;0;;Non accertato;Inesploso
3599503;8;14/12/2017 23:45;Strada Urbana;VIA BORGHESIANA;da specificare;;;;alt. Distributore Agip fronte Via Barumini;Tamponamento;Rettilineo;Una carreggiata a doppio senso;Asciutto;Asfaltata;Verticale ed orizzontale;Nuvoloso;Scarso;Insufficiente;Insufficiente;0;0;0;4;12,67241;41,87651;-1;1;Autovettura privata;In marcia / fermata / arresto;Conducente;M;Illeso;0;;Non accertato;
3599503;8;14/12/2017 23:45;Strada Urbana;VIA BORGHESIANA;da specificare;;;;alt. Distributore Agip fronte Via Barumini;Tamponamento;Rettilineo;Una carreggiata a doppio senso;Asciutto;Asfaltata;Verticale ed orizzontale;Nuvoloso;Scarso;Insufficiente;Insufficiente;0;0;0;4;12,67241;41,87651;-1;1;Autovettura privata;In marcia / fermata / arresto;Passeggero;M;Illeso;0;;Non accertato;
3599503;8;14/12/2017 23:45;Strada Urbana;VIA BORGHESIANA;da specificare;;;;alt. Distributore Agip fronte Via Barumini;Tamponamento;Rettilineo;Una carreggiata a doppio senso;Asciutto;Asfaltata;Verticale ed orizzontale;Nuvoloso;Scarso;Insufficiente;Insufficiente;0;0;0;4;12,67241;41,87651;-1;1;Autovettura privata;In marcia / fermata / arresto;Passeggero;F;Illeso;0;;Non accertato;
3599503;8;14/12/2017 23:45;Strada Urbana;VIA BORGHESIANA;da specificare;;;;alt. Distributore Agip fronte Via Barumini;Tamponamento;Rettilineo;Una carreggiata a doppio senso;Asciutto;Asfaltata;Verticale ed orizzontale;Nuvoloso;Scarso;Insufficiente;Insufficiente;0;0;0;4;12,67241;41,87651;-1;2;Autovettura privata;In marcia / fermata / arresto;Conducente;M;Illeso;0;;Non accertato;
3599504;8;14/12/2017 07:30;Strada Urbana;VIA ACQUARONI;in prossimità;;del civico n.;88;;Scontro laterale fra veicoli in marcia;Rettilineo;Una carreggiata a doppio senso;Asciutto;Asfaltata;Assente;Nuvoloso;Normale;Buona;Ore Diurne;0;0;0;2;12,64449;41,86537;-1;1;Autovettura privata;In marcia / fermata / arresto;Conducente;F;Illeso;0;;Non accertato;Inesploso
3599504;8;14/12/2017 07:30;Strada Urbana;VIA ACQUARONI;in prossimità;;del civico n.;88;;Scontro laterale fra veicoli in marcia;Rettilineo;Una carreggiata a doppio senso;Asciutto;Asfaltata;Assente;Nuvoloso;Normale;Buona;Ore Diurne;0;0;0;2;12,64449;41,86537;-1;2;Autovettura privata;In marcia / fermata / arresto;Conducente;M;Illeso;0;;Non accertato;Inesploso
3599505;11;14/12/2017 18:30;Strada Urbana;VIA CRISTOFORO COLOMBO;all'intersezione con;VIA CESARE FEDERICI;VIA CESARE FEDERICI;;;Scontro laterale fra veicoli in marcia;Incrocio;Più di due carreggiate;Bagnato (umidità in atto);Asfaltata;Verticale ed orizzontale;Nuvoloso;Normale;Sufficiente;Sufficiente;0;0;0;3;12,4977;41,8638;-1;1;Autovettura privata;In marcia / fermata / arresto;Conducente;F;Illeso;0;;Non accertato;
3599505;11;14/12/2017 18:30;Strada Urbana;VIA CRISTOFORO COLOMBO;all'intersezione con;VIA CESARE FEDERICI;VIA CESARE FEDERICI;;;Scontro laterale fra veicoli in marcia;Incrocio;Più di due carreggiate;Bagnato (umidità in atto);Asfaltata;Verticale ed orizzontale;Nuvoloso;Normale;Sufficiente;Sufficiente;0;0;0;3;12,4977;41,8638;-1;2;Autovettura privata;In marcia / fermata / arresto;Conducente;M;Illeso;0;;Non accertato;
3599505;11;14/12/2017 18:30;Strada Urbana;VIA CRISTOFORO COLOMBO;all'intersezione con;VIA CESARE FEDERICI;VIA CESARE FEDERICI;;;Scontro laterale fra veicoli in marcia;Incrocio;Più di due carreggiate;Bagnato (umidità in atto);Asfaltata;Verticale ed orizzontale;Nuvoloso;Normale;Sufficiente;Sufficiente;0;0;0;3;12,4977;41,8638;-1;2;Autovettura privata;In marcia / fermata / arresto;Passeggero;F;Illeso;0;;;
3599506;8;14/12/2017 14:00;Strada Urbana;VIA DEL FOSSO DELL'OSA;in prossimità;;del civico n.;439;;Tamponamento Multiplo;Rettilineo;Una carreggiata a doppio senso;Asciutto;Asfaltata;Verticale ed orizzontale;Nebbia;Intenso;Buona;Ore Diurne;2;0;0;2;12,68426;41,90575;-1;1;Autovettura privata;In marcia / fermata / arresto;Conducente;F;Illeso;0;;Non accertato;
3599506;8;14/12/2017 14:00;Strada Urbana;VIA DEL FOSSO DELL'OSA;in prossimità;;del civico n.;439;;Tamponamento Multiplo;Rettilineo;Una carreggiata a doppio senso;Asciutto;Asfaltata;Verticale ed orizzontale;Nebbia;Intenso;Buona;Ore Diurne;2;0;0;2;12,68426;41,90575;-1;1;Autovettura privata;In marcia / fermata / arresto;Passeggero;F;Illeso;0;;;Inesploso
3599506;8;14/12/2017 14:00;Strada Urbana;VIA DEL FOSSO DELL'OSA;in prossimità;;del civico n.;439;;Tamponamento Multiplo;Rettilineo;Una carreggiata a doppio senso;Asciutto;Asfaltata;Verticale ed orizzontale;Nebbia;Intenso;Buona;Ore Diurne;2;0;0;2;12,68426;41,90575;-1;2;Autovettura privata;In marcia / fermata / arresto;Conducente;M;Ricoverato;0;NON DECEDUTO;Non accertato;