Protocollo;Gruppo;DataOraIncidente;Localizzazione1;STRADA1;Localizzazione2;STRADA2;Strada02;Chilometrica;DaSpecificare;NaturaIncidente;particolaritastrade;TipoStrada;FondoStradale;Pavimentazione;Segnaletica;CondizioneAtmosferica;Traffico;Visibilita;Illuminazione;NUM_FERITI;NUM_RISERVATA;NUM_MORTI;NUM_ILLESI;Longitudine;Latitudine;Confermato;Progressivo;TipoVeicolo;StatoVeicolo;TipoPersona;Sesso;Tipolesione;Deceduto;DecedutoDopo;CinturaCascoUtilizzato;Airbag
3602816;10;16/12/2017 17:15;Strada Urbana;VIA TUSCOLANA;da specificare;;;;prox via V. Giudice;Veicolo in marcia contro veicoli in sosta;Rettilineo;Una carreggiata a senso unico di marcia;Asciutto;Asfaltata;Orizzontale;Sereno;Normale;Buona;Sufficiente;0;0;0;2;12,58665;41,8413;-1;1;Autovettura privata;In marcia / fermata / arresto;Conducente;M;Illeso;0;;Non accertato;Inesploso
3602816;10;16/12/2017 17:15;Strada Urbana;VIA TUSCOLANA;da specificare;;;;prox via V. Giudice;Veicolo in marcia contro veicoli in sosta;Rettilineo;Una carreggiata a senso unico di marcia;Asciutto;Asfaltata;Orizzontale;Sereno;Normale;Buona;Sufficiente;0;0;0;2;12,58665;41,8413;-1;1;Autovettura privata;In marcia / fermata / arresto;Passeggero;F;Illeso;0;;Non accertato;Inesploso
3602831;6;16/12/2017 15:40;Strada Urbana;VIA CASILINA;all'intersezione con;CIRCONVALLAZIONE CASILINA;CIRCONVALLAZIONE CASILINA;;;Scontro laterale fra veicoli in marcia;Incrocio;Una carreggiata a doppio senso;Asciutto;Asfaltata;Orizzontale;Nuvoloso;Normale;Buona;Ore Diurne;1;0;0;2;12,52757;41,88659;-1;1;Autovettura privata;In marcia / fermata / arresto;Conducente;M;Illeso;0;;Non accertato;Inesploso
3602831;6;16/12/2017 15:40;Strada Urbana;VIA CASILINA;all'intersezione con;CIRCONVALLAZIONE CASILINA;CIRCONVALLAZIONE CASILINA;;;Scontro laterale fra veicoli in marcia;Incrocio;Una carreggiata a doppio senso;Asciutto;Asfaltata;Orizzontale;Nuvoloso;Normale;Buona;Ore Diurne;1;0;0;2;12,52757;41,88659;-1;1;Autovettura privata;In marcia / fermata / arresto;Passeggero;F;Illeso;0;;Non accertato;Inesploso
3602831;6;16/12/2017 15:40;Strada Urbana;VIA CASILINA;all'intersezione con;CIRCONVALLAZIONE CASILINA;CIRCONVALLAZIONE CASILINA;;;Scontro laterale fra veicoli in marcia;Incrocio;Una carreggiata a doppio senso;Asciutto;Asfaltata;Orizzontale;Nuvoloso;Normale;Buona;Ore Diurne;1;0;0;2;12,52757;41,88659;-1;2;Ciclomotore;In marcia / fermata / arresto;Conducente;M;Rimandato;0;NON DECEDUTO;Non accertato;
3602854;13;16/12/2017 12:30;Strada Urbana;VIA ISOLE DEL CAPO VERDE;in corrispondenza;;del civico n.;49;;Scontro frontale/laterale SX fra veicoli in marcia;Rettilineo;Due carreggiate;Asciutto;Asfaltata;Verticale;Sereno;Normale;Buona;Ore Diurne;0;0;0;3;12,27728;41,73818;-1;1;Autovettura privata;In marcia / fermata / arresto;Conducente;F;Illeso;0;;Non accertato;Inesploso
3602854;13;16/12/2017 12:30;Strada Urbana;VIA ISOLE DEL CAPO VERDE;in corrispondenza;;del civico n.;49;;Scontro frontale/laterale SX fra veicoli in marcia;Rettilineo;Due carreggiate;Asciutto;Asfaltata;Verticale;Sereno;Normale;Buona;Ore Diurne;0;0;0;3;12,27728;41,73818;-1;1;Autovettura privata;In marcia / fermata / arresto;Passeggero;F;Illeso;0;;Non accertato;
3602854;13;16/12/2017 12:30;Strada Urbana;VIA ISOLE DEL CAPO VERDE;in corrispondenza;;del civico n.;49;;Scontro frontale/laterale SX fra veicoli in marcia;Rettilineo;Due carreggiate;Asciutto;Asfaltata;Verticale;Sereno;Normale;Buona;Ore Diurne;0;0;0;3;12,27728;41,73818;-1;2;Autovettura privata;In marcia / fermata / arresto;Conducente;F;Illeso;0;;Non accertato;Inesploso
3602899;23;17/12/2017 00:45;Comunale extraurbana;VIA CRISTOFORO COLOMBO;in corrispondenza;;della chilometrica;13.3;;Veicolo in marcia contro ostacolo fisso;Rettilineo;Più di due carreggiate;Bagnato (umidità in atto);Asfaltata;Verticale ed orizzontale;Sereno;Scarso;Sufficiente;Sufficiente;0;0;0;1;12,41155;41,78584;-1;1;Autovettura privata;In marcia / fermata / arresto;Conducente;M;Illeso;0;;Non accertato;
3602905;23;17/12/2017 03:00;Strada Urbana;CIRCONVALLAZIONE SALARIA;da specificare;;;;altezza svincolo Via Salaria;Veicolo in marcia contro ostacolo fisso;Rettilineo;Più di due carreggiate;Bagnato (brina);Asfaltata;Verticale ed orizzontale;Sereno;Scarso;Sufficiente;Inesistente;0;0;0;1;12,50886;41,93774;-1;1;Autovettura privata;In marcia / fermata / arresto;Conducente;M;Illeso;0;;Non accertato;Esploso
3602912;9;16/12/2017 12:45;Strada Urbana;CIRCONVALLAZIONE APPIA;in corrispondenza;;del civico n.;11;;Scontro laterale fra veicoli in marcia;Rettilineo;Una carreggiata a doppio senso;Asciutto;Asfaltata;Orizzontale;Nuvoloso;Normale;Buona;Ore Diurne;0;0;0;4;12,51923;41,87626;-1;1;Autovettura privata;In marcia / fermata / arresto;Conducente;M;Illeso;0;;Non accertato;Inesploso
3602912;9;16/12/2017 12:45;Strada Urbana;CIRCONVALLAZIONE APPIA;in corrispondenza;;del civico n.;11;;Scontro laterale fra veicoli in marcia;Rettilineo;Una carreggiata a doppio senso;Asciutto;Asfaltata;Orizzontale;Nuvoloso;Normale;Buona;Ore Diurne;0;0;0;4;12,51923;41,87626;-1;1;Autovettura privata;In marcia / fermata / arresto;Passeggero;M;Illeso;0;;Non accertato;Inesploso
3602912;9;16/12/2017 12:45;Strada Urbana;CIRCONVALLAZIONE APPIA;in corrispondenza;;del civico n.;11;;Scontro laterale fra veicoli in marcia;Rettilineo;Una carreggiata a doppio senso;Asciutto;Asfaltata;Orizzontale;Nuvoloso;Normale;Buona;Ore Diurne;0;0;0;4;12,51923;41,87626;-1;2;Motociclo a solo;In marcia / fermata / arresto;Conducente;M;Illeso;0;;Non accertato;
3602912;9;16/12/2017 12:45;Strada Urbana;CIRCONVALLAZIONE APPIA;in corrispondenza;;del civico n.;11;;Scontro laterale fra veicoli in marcia;Rettilineo;Una carreggiata a doppio senso;Asciutto;Asfaltata;Orizzontale;Nuvoloso;Normale;Buona;Ore Diurne;0;0;0;4;12,51923;41,87626;-1;3;Ciclomotore;In marcia / fermata / arresto;Conducente;F;Illeso;0;;Non accertato;
3602915;9;16/12/2017 17:15;;VIA BRITANNIA;in corrispondenza;;del civico n.;70;;Scontro laterale fra veicoli in marcia;;;;;;;;;;0;0;0;3;12,50825;41,87868;0;1;Autovettura privata;In marcia / fermata / arresto;Conducente;M;Illeso;0;;Non accertato;Inesploso
3602915;9;16/12/2017 17:15;;VIA BRITANNIA;in corrispondenza;;del civico n.;70;;Scontro laterale fra veicoli in marcia;;;;;;;;;;0;0;0;3;12,50825;41,87868;0;2;Autovettura privata;In marcia / fermata / arresto;Conducente;M;Illeso;0;;Non accertato;Inesploso
3602915;9;16/12/2017 17:15;;VIA BRITANNIA;in corrispondenza;;del civico n.;70;;Scontro laterale fra veicoli in marcia;;;;;;;;;;0;0;0;3;12,50825;41,87868;0;2;Autovettura privata;In marcia / fermata / arresto;Passeggero;F;Illeso;0;;Non accertato;Inesploso
3602928;10;16/12/2017 18:30;Strada Urbana;VIA TUSCOLANA;in prossimità;;del civico n.;825;;Investimento di pedone;Rettilineo;Due carreggiate;Asciutto;Asfaltata;Assente;Nuvoloso;Intenso;Buona;Sufficiente;1;0;0;1;12,55871;41,85905;-1;;;;Pedone;M;Rimandato;0;NON DECEDUTO;;
3602928;10;16/12/2017 18:30;Strada Urbana;VIA TUSCOLANA;in prossimità;;del civico n.;825;;Investimento di pedone;Rettilineo;Due carreggiate;Asciutto;Asfaltata;Assente;Nuvoloso;Intenso;Buona;Sufficiente;1;0;0;1;12,55871;41,85905;-1;1;Autovettura privata;In marcia / fermata / arresto;Conducente;F;Illeso;0;;Non accertato;Inesploso
3602934;10;16/12/2017 21:15;Strada Urbana;VIALE BRUNO PELIZZI;da specificare;;;;alt. rotatoria v.le B. Rizzieri;Veicolo in marcia contro ostacolo accidentale;Rotatoria;Una carreggiata a senso unico di marcia;Asciutto;Asfaltata;Verticale ed orizzontale;Sereno;Scarso;Buona;Sufficiente;0;0;0;1;12,58324;41,85227;-1;1;Autovettura privata;In marcia / fermata / arresto;Conducente;F;Illeso;0;;;
3602941;10;16/12/2017 21:20;Strada Urbana;VIALE BRUNO PELIZZI;da specificare;;;;alt. rotatoria v.le B. Rizzieri;Veicolo in marcia contro ostacolo accidentale;Rotatoria;Una carreggiata a senso unico di marcia;Asciutto;Asfaltata;Verticale ed orizzontale;Sereno;Scarso;Sufficiente;Sufficiente;0;0;0;3;12,58325;41,85242;-1;1;Autovettura privata;In marcia / fermata / arresto;Conducente;F;Illeso;0;;Non accertato;Inesploso
3602941;10;16/12/2017 21:20;Strada Urbana;VIALE BRUNO PELIZZI;da specificare;;;;alt. rotatoria v.le B. Rizzieri;Veicolo in marcia contro ostacolo accidentale;Rotatoria;Una carreggiata a senso unico di marcia;Asciutto;Asfaltata;Verticale ed orizzontale;Sereno;Scarso;Sufficiente;Sufficiente;0;0;0;3;12,58325;41,85242;-1;1;Autovettura privata;In marcia / fermata / arresto;Passeggero;F;Illeso;0;;Non accertato;Inesploso
3602941;10;16/12/2017 21:20;Strada Urbana;VIALE BRUNO PELIZZI;da specificare;;;;alt. rotatoria v.le B. Rizzieri;Veicolo in marcia contro ostacolo accidentale;Rotatoria;Una carreggiata a senso unico di marcia;Asciutto;Asfaltata;Verticale ed orizzontale;Sereno;Scarso;Sufficiente;Sufficiente;0;0;0;3;12,58325;41,85242;-1;1;Autovettura privata;In marcia / fermata / arresto;Passeggero;F;Illeso;0;;Non accertato;Inesploso
3603109;20;15/12/2017 06:20;Regionale entro l'abitato;VIA FLAMINIA NUOVA;in corrispondenza;;del civico n.;268;;Scontro frontale/laterale SX fra veicoli in marcia;Rettilineo;Due carreggiate;Bagnato (umidità in atto);Asfaltata;Verticale ed orizzontale;Nuvoloso;Scarso;Sufficiente;Sufficiente;0;0;0;2;12,474;41,95248;-1;1;Autovettura privata;In marcia / fermata / arresto;Conducente;M;Illeso;0;;Non accertato;
3603109;20;15/12/2017 06:20;Regionale entro l'abitato;VIA FLAMINIA NUOVA;in corrispondenza;;del civico n.;268;;Scontro frontale/laterale SX fra veicoli in marcia;Rettilineo;Due carreggiate;Bagnato (umidità in atto);Asfaltata;Verticale ed orizzontale;Nuvoloso;Scarso;Sufficiente;Sufficiente;0;0;0;2;12,474;41,95248;-1;2;Autovettura privata;In marcia / fermata / arresto;Conducente;F;Illeso;0;;Non accertato;
3603139;20;15/12/2017 15:10;Regionale entro l'abitato;VIA CASSIA;in corrispondenza;;del civico n.;1304;;Scontro frontale/laterale SX fra veicoli in marcia;Rettilineo;Una carreggiata a doppio senso;Bagnato (pioggia);Asfaltata;Orizzontale;Pioggia in atto;Intenso;Buona;Ore Diurne;0;0;0;2;12,40571;41,98587;-1;1;Autovettura privata;In marcia / fermata / arresto;Conducente;F;Illeso;0;;;
3603139;20;15/12/2017 15:10;Regionale entro l'abitato;VIA CASSIA;in corrispondenza;;del civico n.;1304;;Scontro frontale/laterale SX fra veicoli in marcia;Rettilineo;Una carreggiata a doppio senso;Bagnato (pioggia);Asfaltata;Orizzontale;Pioggia in atto;Intenso;Buona;Ore Diurne;0;0;0;2;12,40571;41,98587;-1;2;Ciclomotore;In marcia / fermata / arresto;Conducente;M;Illeso;0;;Non accertato;
3603141;13;17/12/2017 10:30;Strada Urbana;VIA DELLE TARTANE;all'intersezione con;VIA DELLA TOLDA;VIA DELLA TOLDA;;;Scontro frontale/laterale DX fra veicoli in marcia;Incrocio;Una carreggiata a doppio senso;Asciutto;Asfaltata;Verticale ed orizzontale;Sereno;Normale;Buona;Ore Diurne;1;0;0;2;12,29318;41,72574;-1;1;Autovettura privata;In marcia / fermata / arresto;Conducente;M;Illeso;0;;Non accertato;Inesploso
3603141;13;17/12/2017 10:30;Strada Urbana;VIA DELLE TARTANE;all'intersezione con;VIA DELLA TOLDA;VIA DELLA TOLDA;;;Scontro frontale/laterale DX fra veicoli in marcia;Incrocio;Una carreggiata a doppio senso;Asciutto;Asfaltata;Verticale ed orizzontale;Sereno;Normale;Buona;Ore Diurne;1;0;0;2;12,29318;41,72574;-1;1;Autovettura privata;In marcia / fermata / arresto;Passeggero;M;Rimandato;0;NON DECEDUTO;Non accertato;Inesploso
3603141;13;17/12/2017 10:30;Strada Urbana;VIA DELLE TARTANE;all'intersezione con;VIA DELLA TOLDA;VIA DELLA TOLDA;;;Scontro frontale/laterale DX fra veicoli in marcia;Incrocio;Una carreggiata a doppio senso;Asciutto;Asfaltata;Verticale ed orizzontale;Sereno;Normale;Buona;Ore Diurne;1;0;0;2;12,29318;41,72574;-1;2;Autovettura privata;In marcia / fermata / arresto;Conducente;M;Illeso;0;;Non accertato;Inesploso
3603154;4;15/12/2017 06:30;Strada Urbana;VIA DEI PRATI FISCALI;da specificare;;;;pross. via Villa Spada dir Salaria x Monterotondo;Veicolo in marcia contro ostacolo fisso;Rettilineo;Due carreggiate;Bagnato (pioggia);Asfaltata;Orizzontale;Nuvoloso;Normale;Buona;Sufficiente;1;0;0;0;12,51616;41,94602;-1;1;Autovettura privata;In marcia / fermata / arresto;Conducente;F;Rimandato;0;NON DECEDUTO;;
3603173;4;15/12/2017 09:20;Strada Urbana;VIA DELLA BUFALOTTA;da specificare;;;;fronte civico 228;Scontro frontale/laterale SX fra veicoli in marcia;Rettilineo;Una carreggiata a doppio senso;Bagnato (pioggia);Asfaltata;Verticale ed orizzontale;Pioggia in atto;Scarso;Buona;Ore Diurne;0;0;0;2;12,54983;41,96743;-1;1;Autovettura privata;In marcia / fermata / arresto;Conducente;F;Illeso;0;;Non accertato;Inesploso
3603173;4;15/12/2017 09:20;Strada Urbana;VIA DELLA BUFALOTTA;da specificare;;;;fronte civico 228;Scontro frontale/laterale SX fra veicoli in marcia;Rettilineo;Una carreggiata a doppio senso;Bagnato (pioggia);Asfaltata;Verticale ed orizzontale;Pioggia in atto;Scarso;Buona;Ore Diurne;0;0;0;2;12,54983;41,96743;-1;2;Motociclo a solo;In marcia / fermata / arresto;Conducente;M;Illeso;0;;Non accertato;
3603177;20;14/12/2017 05:40;Strada Urbana;VIA DELLA STAZIONE DI CESANO;in corrispondenza;;del civico n.;357;;Veicolo in marcia contro ostacolo accidentale;Rettilineo;Una carreggiata a doppio senso;Asciutto;Asfaltata;Verticale ed orizzontale;Nuvoloso;Scarso;Sufficiente;Sufficiente;0;0;0;1;12,32917;42,0646;-1;1;Autobus urbano;In marcia / fermata / arresto;Conducente;M;Illeso;0;;;
3603199;4;15/12/2017 10:05;Strada Urbana;PIAZZA GIUSEPPE PRIMOLI;da specificare;;;;rotatoria alt. inters. via Ojetti, dir. via Graf;Scontro laterale fra veicoli in marcia;Rotatoria;Una carreggiata a senso unico di marcia;Bagnato (pioggia);Asfaltata;Verticale ed orizzontale;Pioggia in atto;Intenso;Buona;Ore Diurne;0;0;0;2;12,55293;41,94507;-1;1;Autovettura privata;In marcia / fermata / arresto;Conducente;M;Illeso;0;;;
3603199;4;15/12/2017 10:05;Strada Urbana;PIAZZA GIUSEPPE PRIMOLI;da specificare;;;;rotatoria alt. inters. via Ojetti, dir. via Graf;Scontro laterale fra veicoli in marcia;Rotatoria;Una carreggiata a senso unico di marcia;Bagnato (pioggia);Asfaltata;Verticale ed orizzontale;Pioggia in atto;Intenso;Buona;Ore Diurne;0;0;0;2;12,55293;41,94507;-1;2;Autovettura privata;In marcia / fermata / arresto;Conducente;M;Illeso;0;;;
3603205;20;15/12/2017 12:00;Strada Urbana;VIA FIESSE;da specificare;;;;ingresso parcheggio;Scontro frontale fra veicoli in marcia;Rettilineo;Una carreggiata a senso unico di marcia;Bagnato (pioggia);Asfaltata;Orizzontale;Pioggia in atto;Scarso;Buona;Ore Diurne;0;0;0;3;12,49088;41,99305;-1;1;Autocarro inferiore 35 q.;In marcia / fermata / arresto;Conducente;M;Illeso;0;;Non accertato;
3603205;20;15/12/2017 12:00;Strada Urbana;VIA FIESSE;da specificare;;;;ingresso parcheggio;Scontro frontale fra veicoli in marcia;Rettilineo;Una carreggiata a senso unico di marcia;Bagnato (pioggia);Asfaltata;Orizzontale;Pioggia in atto;Scarso;Buona;Ore Diurne;0;0;0;3;12,49088;41,99305;-1;1;Autocarro inferiore 35 q.;In marcia / fermata / arresto;Passeggero;M;Illeso;0;;;
3603205;20;15/12/2017 12:00;Strada Urbana;VIA FIESSE;da specificare;;;;ingresso parcheggio;Scontro frontale fra veicoli in marcia;Rettilineo;Una carreggiata a senso unico di marcia;Bagnato (pioggia);Asfaltata;Orizzontale;Pioggia in atto;Scarso;Buona;Ore Diurne;0;0;0;3;12,49088;41,99305;-1;2;Autovettura privata;In marcia / fermata / arresto;Conducente;F;Illeso;0;;Non accertato;
3603227;4;15/12/2017 10:30;Strada Urbana;VIA DI VALLE MELAINA;all'intersezione con;VIA GORGONA;VIA GORGONA;;;Scontro laterale fra veicoli in marcia;Incrocio;Due carreggiate;Bagnato (pioggia);Asfaltata;Verticale ed orizzontale;Pioggia in atto;Normale;Buona;Ore Diurne;2;0;0;0;12,52585;41,94828;-1;1;Motociclo a solo;In marcia / fermata / arresto;Conducente;M;Rifiuta cure immediate;0;NON DECEDUTO;;
3603227;4;15/12/2017 10:30;Strada Urbana;VIA DI VALLE MELAINA;all'intersezione con;VIA GORGONA;VIA GORGONA;;;Scontro laterale fra veicoli in marcia;Incrocio;Due carreggiate;Bagnato (pioggia);Asfaltata;Verticale ed orizzontale;Pioggia in atto;Normale;Buona;Ore Diurne;2;0;0;0;12,52585;41,94828;-1;2;Autovettura privata;In marcia / fermata / arresto;Conducente;M;Rifiuta cure immediate;0;NON DECEDUTO;;
3603229;17;17/12/2017 01:00;Strada Urbana;VIA ANASTASIO II;in corrispondenza;;del civico n.;330;;Veicolo in marcia contro ostacolo accidentale;Rettilineo;Una carreggiata a senso unico di marcia;Asciutto;Asfaltata;Verticale ed orizzontale;Sereno;Scarso;Insufficiente;Inesistente;0;0;0;1;12,44362;41,90412;-1;1;Autovettura privata;In marcia / fermata / arresto;Conducente;M;Illeso;0;;;
3603240;4;15/12/2017 13:15;Strada Urbana;VIA MARIA BARBARA TOSATTI;da specificare;;;;fronte civico 21;Veicolo in marcia contro veicolo in sosta;Rettilineo;Una carreggiata a senso unico di marcia;Bagnato (pioggia);Asfaltata;Assente;Pioggia in atto;Scarso;Buona;Ore Diurne;0;0;0;1;12,54859;41,94521;-1;1;Autovettura privata;In marcia / fermata / arresto;Conducente;F;Illeso;0;;;
3603244;20;16/12/2017 07:00;Regionale entro l'abitato;VIA CASSIA;in corrispondenza;;del civico n.;737;;Scontro frontale/laterale SX fra veicoli in marcia;Rettilineo;Una carreggiata a doppio senso;Asciutto;Asfaltata;Orizzontale;Sereno;Scarso;Buona;Ore Diurne;2;0;0;1;12,44288;41,96537;-1;1;Autovettura privata;In marcia / fermata / arresto;Conducente;M;Illeso;0;;;
3603244;20;16/12/2017 07:00;Regionale entro l'abitato;VIA CASSIA;in corrispondenza;;del civico n.;737;;Scontro frontale/laterale SX fra veicoli in marcia;Rettilineo;Una carreggiata a doppio senso;Asciutto;Asfaltata;Orizzontale;Sereno;Scarso;Buona;Ore Diurne;2;0;0;1;12,44288;41,96537;-1;2;Autovettura privata;In marcia / fermata / arresto;Conducente;F;Rimandato;0;NON DECEDUTO;;
3603244;20;16/12/2017 07:00;Regionale entro l'abitato;VIA CASSIA;in corrispondenza;;del civico n.;737;;Scontro frontale/laterale SX fra veicoli in marcia;Rettilineo;Una carreggiata a doppio senso;Asciutto;Asfaltata;Orizzontale;Sereno;Scarso;Buona;Ore Diurne;2;0;0;1;12,44288;41,96537;-1;2;Autovettura privata;In marcia / fermata / arresto;Passeggero;F;Rimandato;0;NON DECEDUTO;;
3603253;4;15/12/2017 15:00;Strada Urbana;VIA DI TOR S. GIOVANNI;da specificare;;;;fronte civico 10;Scontro frontale/laterale DX fra veicoli in marcia;Rettilineo;Una carreggiata a doppio senso;Bagnato (pioggia);Asfaltata;Verticale ed orizzontale;Pioggia in atto;Normale;Sufficiente;Ore Diurne;0;0;0;2;12,57259;41,98687;-1;1;Autovettura privata;In marcia / fermata / arresto;Conducente;F;Illeso;0;;;
3603253;4;15/12/2017 15:00;Strada Urbana;VIA DI TOR S. GIOVANNI;da specificare;;;;fronte civico 10;Scontro frontale/laterale DX fra veicoli in marcia;Rettilineo;Una carreggiata a doppio senso;Bagnato (pioggia);Asfaltata;Verticale ed orizzontale;Pioggia in atto;Normale;Sufficiente;Ore Diurne;0;0;0;2;12,57259;41,98687;-1;2;Autovettura privata;In marcia / fermata / arresto;Conducente;M;Illeso;0;;;
3603256;17;17/12/2017 02:10;Strada Urbana;VIA ALBERTO CADLOLO;in prossimità;;del civico n.;101;;Scontro frontale/laterale SX fra veicoli in marcia;Rettilineo;Una carreggiata a doppio senso;Asciutto;Asfaltata;Verticale ed orizzontale;Sereno;Scarso;Sufficiente;Sufficiente;0;0;0;2;12,44577;41,91904;-1;1;Quadriciclo leggero;In marcia / fermata / arresto;Conducente;M;Illeso;0;;;
3603256;17;17/12/2017 02:10;Strada Urbana;VIA ALBERTO CADLOLO;in prossimità;;del civico n.;101;;Scontro frontale/laterale SX fra veicoli in marcia;Rettilineo;Una carreggiata a doppio senso;Asciutto;Asfaltata;Verticale ed orizzontale;Sereno;Scarso;Sufficiente;Sufficiente;0;0;0;2;12,44577;41,91904;-1;2;Autovettura privata;In marcia / fermata / arresto;Conducente;M;Illeso;0;;;
3603266;4;15/12/2017 16:50;Strada Urbana;VIADOTTO GIUSEPPE SARAGAT;da specificare;;;;altezza uscita per via Monte Cervialto;Veicolo in marcia contro ostacolo accidentale;Rettilineo;Due carreggiate;Bagnato (pioggia);Asfaltata;Verticale ed orizzontale;Pioggia in atto;Normale;Sufficiente;Sufficiente;0;0;0;2;12,52684;41,96363;-1;1;Autovettura privata;In marcia / fermata / arresto;Conducente;F;Illeso;0;;;
3603266;4;15/12/2017 16:50;Strada Urbana;VIADOTTO GIUSEPPE SARAGAT;da specificare;;;;altezza uscita per via Monte Cervialto;Veicolo in marcia contro ostacolo accidentale;Rettilineo;Due carreggiate;Bagnato (pioggia);Asfaltata;Verticale ed orizzontale;Pioggia in atto;Normale;Sufficiente;Sufficiente;0;0;0;2;12,52684;41,96363;-1;1;Autovettura privata;In marcia / fermata / arresto;Passeggero;F;Illeso;0;;;
3603272;4;15/12/2017 16:51;Strada Urbana;VIADOTTO GIUSEPPE SARAGAT;da specificare;;;;prossimità uscita x via Monte Cervialto;Veicolo in marcia contro ostacolo accidentale;Rettilineo;Due carreggiate;Bagnato (pioggia);Asfaltata;Verticale ed orizzontale;Pioggia in atto;Normale;Sufficiente;Sufficiente;0;0;0;2;12,51542;41,9785;-1;1;Autovettura privata;In marcia / fermata / arresto;Conducente;M;Illeso;0;;Non accertato;Inesploso
3603272;4;15/12/2017 16:51;Strada Urbana;VIADOTTO GIUSEPPE SARAGAT;da specificare;;;;prossimità uscita x via Monte Cervialto;Veicolo in marcia contro ostacolo accidentale;Rettilineo;Due carreggiate;Bagnato (pioggia);Asfaltata;Verticale ed orizzontale;Pioggia in atto;Normale;Sufficiente;Sufficiente;0;0;0;2;12,51542;41,9785;-1;1;Autovettura privata;In marcia / fermata / arresto;Passeggero;F;Illeso;0;;Non accertato;Inesploso
3603280;4;15/12/2017 16:52;Strada Urbana;VIADOTTO GIUSEPPE SARAGAT;da specificare;;;;altezza uscita per via Monte Cervialto;Veicolo in marcia contro ostacolo accidentale;Rettilineo;Due carreggiate;Bagnato (pioggia);Asfaltata;Verticale ed orizzontale;Pioggia in atto;Normale;Sufficiente;Sufficiente;0;0;0;4;12,51542;41,9785;-1;1;Autovettura privata;In marcia / fermata / arresto;Conducente;F;Illeso;0;;Non accertato;
3603280;4;15/12/2017 16:52;Strada Urbana;VIADOTTO GIUSEPPE SARAGAT;da specificare;;;;altezza uscita per via Monte Cervialto;Veicolo in marcia contro ostacolo accidentale;Rettilineo;Due carreggiate;Bagnato (pioggia);Asfaltata;Verticale ed orizzontale;Pioggia in atto;Normale;Sufficiente;Sufficiente;0;0;0;4;12,51542;41,9785;-1;1;Autovettura privata;In marcia / fermata / arresto;Passeggero;F;Illeso;0;;;
3603280;4;15/12/2017 16:52;Strada Urbana;VIADOTTO GIUSEPPE SARAGAT;da specificare;;;;altezza uscita per via Monte Cervialto;Veicolo in marcia contro ostacolo accidentale;Rettilineo;Due carreggiate;Bagnato (pioggia);Asfaltata;Verticale ed orizzontale;Pioggia in atto;Normale;Sufficiente;Sufficiente;0;0;0;4;12,51542;41,9785;-1;1;Autovettura privata;In marcia / fermata / arresto;Passeggero;F;Illeso;0;;;
3603280;4;15/12/2017 16:52;Strada Urbana;VIADOTTO GIUSEPPE SARAGAT;da specificare;;;;altezza uscita per via Monte Cervialto;Veicolo in marcia contro ostacolo accidentale;Rettilineo;Due carreggiate;Bagnato (pioggia);Asfaltata;Verticale ed orizzontale;Pioggia in atto;Normale;Sufficiente;Sufficiente;0;0;0;4;12,51542;41,9785;-1;1;Autovettura privata;In marcia / fermata / arresto;Passeggero;F;Illeso;0;;Non accertato;
3603295;4;15/12/2017 16:43;Strada Urbana;VIADOTTO GIUSEPPE SARAGAT;da specificare;;;;altezza uscita per via Monte Cervialto;Veicolo in marcia contro ostacolo accidentale;Rettilineo;Due carreggiate;Bagnato (pioggia);Asfaltata;Verticale ed orizzontale;Pioggia in atto;Normale;Sufficiente;Sufficiente;0;0;0;2;12,51542;41,9785;-1;1;Autovettura privata;In marcia / fermata / arresto;Conducente;F;Illeso;0;;Non accertato;
3603295;4;15/12/2017 16:43;Strada Urbana;VIADOTTO GIUSEPPE SARAGAT;da specificare;;;;altezza uscita per via Monte Cervialto;Veicolo in marcia contro ostacolo accidentale;Rettilineo;Due carreggiate;Bagnato (pioggia);Asfaltata;Verticale ed orizzontale;Pioggia in atto;Normale;Sufficiente;Sufficiente;0;0;0;2;12,51542;41,9785;-1;1;Autovettura privata;In marcia / fermata / arresto;Passeggero;F;Illeso;0;;Non accertato;
3603299;4;15/12/2017 17:00;Strada Urbana;VIADOTTO GIUSEPPE SARAGAT;da specificare;;;;altezza uscita per via Monte Cervialto;Veicolo in marcia contro ostacolo accidentale;Rettilineo;Due carreggiate;Bagnato (pioggia);Asfaltata;Verticale ed orizzontale;Pioggia in atto;Normale;Sufficiente;Sufficiente;0;0;0;1;12,51542;41,9785;-1;1;Autovettura privata;In marcia / fermata / arresto;Conducente;M;Illeso;0;;;
3603331;4;15/12/2017 17:40;Provinciale entro l'abitato;VIA NOMENTANA;all'intersezione semaforizzata con;VIA DEL CASALE DI S. BASILIO;VIA DEL CASALE DI S. BASILIO;;;Scontro frontale/laterale DX fra veicoli in marcia;Intersezione semaforizzata;Una carreggiata a doppio senso;Bagnato (pioggia);Asfaltata;Verticale ed orizzontale;Pioggia in atto;Intenso;Buona;Sufficiente;0;0;0;2;12,55901;41,9438;-1;1;Autovettura privata;In marcia / fermata / arresto;Conducente;F;Illeso;0;;Non accertato;