Protocollo;Gruppo;DataOraIncidente;Localizzazione1;STRADA1;Localizzazione2;STRADA2;Strada02;Chilometrica;DaSpecificare;NaturaIncidente;particolaritastrade;TipoStrada;FondoStradale;Pavimentazione;Segnaletica;CondizioneAtmosferica;Traffico;Visibilita;Illuminazione;NUM_FERITI;NUM_RISERVATA;NUM_MORTI;NUM_ILLESI;Longitudine;Latitudine;Confermato;Progressivo;TipoVeicolo;StatoVeicolo;TipoPersona;Sesso;Tipolesione;Deceduto;DecedutoDopo;CinturaCascoUtilizzato;Airbag
3603546;4;17/12/2017 00:10;Strada Urbana;VIA DELLE VALLI;all'intersezione con;VIA CONCA D'ORO;VIA CONCA D'ORO;;;Scontro laterale fra veicoli in marcia;Intersezione stradale segnalata;Due carreggiate;Asciutto;Asfaltata;Verticale ed orizzontale;Sereno;Scarso;Sufficiente;Sufficiente;0;0;0;3;12,52383;41,93567;-1;2;Autovettura privata;In marcia / fermata / arresto;Conducente;F;Illeso;0;;Non accertato;Inesploso
3603546;4;17/12/2017 00:10;Strada Urbana;VIA DELLE VALLI;all'intersezione con;VIA CONCA D'ORO;VIA CONCA D'ORO;;;Scontro laterale fra veicoli in marcia;Intersezione stradale segnalata;Due carreggiate;Asciutto;Asfaltata;Verticale ed orizzontale;Sereno;Scarso;Sufficiente;Sufficiente;0;0;0;3;12,52383;41,93567;-1;2;Autovettura privata;In marcia / fermata / arresto;Passeggero;F;Illeso;0;;;
3603834;9;17/12/2017 13:10;;VIA SIRIA;all'intersezione con;PIAZZA ZAMA;PIAZZA ZAMA;;;Scontro frontale/laterale SX fra veicoli in marcia;;;;;;;;;;0;0;0;6;12,51025;41,87588;0;1;Autovettura privata;In marcia / fermata / arresto;Conducente;M;Illeso;0;;Non accertato;Inesploso
3603834;9;17/12/2017 13:10;;VIA SIRIA;all'intersezione con;PIAZZA ZAMA;PIAZZA ZAMA;;;Scontro frontale/laterale SX fra veicoli in marcia;;;;;;;;;;0;0;0;6;12,51025;41,87588;0;1;Autovettura privata;In marcia / fermata / arresto;Passeggero;F;Illeso;0;;Non accertato;Inesploso
3603834;9;17/12/2017 13:10;;VIA SIRIA;all'intersezione con;PIAZZA ZAMA;PIAZZA ZAMA;;;Scontro frontale/laterale SX fra veicoli in marcia;;;;;;;;;;0;0;0;6;12,51025;41,87588;0;1;Autovettura privata;In marcia / fermata / arresto;Passeggero;F;Illeso;0;;Non accertato;Inesploso
3603834;9;17/12/2017 13:10;;VIA SIRIA;all'intersezione con;PIAZZA ZAMA;PIAZZA ZAMA;;;Scontro frontale/laterale SX fra veicoli in marcia;;;;;;;;;;0;0;0;6;12,51025;41,87588;0;2;Autovettura privata;In marcia / fermata / arresto;Conducente;M;Illeso;0;;Non accertato;Inesploso
3603834;9;17/12/2017 13:10;;VIA SIRIA;all'intersezione con;PIAZZA ZAMA;PIAZZA ZAMA;;;Scontro frontale/laterale SX fra veicoli in marcia;;;;;;;;;;0;0;0;6;12,51025;41,87588;0;2;Autovettura privata;In marcia / fermata / arresto;Passeggero;F;Illeso;0;;Non accertato;Inesploso
3603834;9;17/12/2017 13:10;;VIA SIRIA;all'intersezione con;PIAZZA ZAMA;PIAZZA ZAMA;;;Scontro frontale/laterale SX fra veicoli in marcia;;;;;;;;;;0;0;0;6;12,51025;41,87588;0;2;Autovettura privata;In marcia / fermata / arresto;Passeggero;M;Illeso;0;;Non accertato;Inesploso
3603844;11;18/12/2017 00:30;Strada Urbana;VIA DI VALLERANO;da specificare;;;;100 mt. dopo civ.149 dir. Pontina;Veicolo in marcia contro ostacolo accidentale;Rettilineo;Una carreggiata a doppio senso;Asciutto;Asfaltata;Verticale ed orizzontale;Sereno;Scarso;Insufficiente;Inesistente;0;0;0;1;12,46164;41,78707;0;1;Autovettura privata;In marcia / fermata / arresto;Conducente;M;Illeso;0;;Non accertato;
3603850;15;17/12/2017 22:00;Strada Urbana;VIA DELLA MAGLIANA NUOVA;in prossimità;;del civico n.;276;;Veicolo in marcia contro ostacolo accidentale;Rettilineo;Una carreggiata a doppio senso;Asciutto;Asfaltata;Orizzontale;Sereno;Scarso;Insufficiente;Insufficiente;0;0;0;2;12,45667;41,85049;-1;1;Autovettura privata;In marcia / fermata / arresto;Conducente;M;Illeso;0;;Utilizzato;Inesploso
3603850;15;17/12/2017 22:00;Strada Urbana;VIA DELLA MAGLIANA NUOVA;in prossimità;;del civico n.;276;;Veicolo in marcia contro ostacolo accidentale;Rettilineo;Una carreggiata a doppio senso;Asciutto;Asfaltata;Orizzontale;Sereno;Scarso;Insufficiente;Insufficiente;0;0;0;2;12,45667;41,85049;-1;1;Autovettura privata;In marcia / fermata / arresto;Passeggero;M;Illeso;0;;Non accertato;Inesploso
3603860;5;15/12/2017 19:00;Strada Urbana;VIALE KANT;da specificare;;;;direzione VIALE EGIDIO GALBANI altezza VIA COMTE;Veicolo in marcia contro ostacolo accidentale;Rettilineo;Due carreggiate;Bagnato (pioggia);Asfaltata;Assente;Pioggia in atto;Normale;Sufficiente;Sufficiente;0;0;0;1;12,55476;41,93388;-1;1;Autovettura privata;In marcia / fermata / arresto;Conducente;M;Illeso;0;;Non accertato;Inesploso
3603865;11;18/12/2017 03:20;Strada Urbana;VIA OSTIENSE;da specificare;;;;50 mt prima dello svincolo per v. Mezzocammino;Veicolo in marcia contro ostacolo fisso;Curva senza visuale libera;Una carreggiata a senso unico di marcia;Asciutto;Asfaltata;Verticale ed orizzontale;Sereno;Scarso;Insufficiente;Insufficiente;0;0;0;2;12,43052;41,80608;-1;1;Autovettura privata;In marcia / fermata / arresto;Conducente;F;Illeso;0;;Non accertato;
3603865;11;18/12/2017 03:20;Strada Urbana;VIA OSTIENSE;da specificare;;;;50 mt prima dello svincolo per v. Mezzocammino;Veicolo in marcia contro ostacolo fisso;Curva senza visuale libera;Una carreggiata a senso unico di marcia;Asciutto;Asfaltata;Verticale ed orizzontale;Sereno;Scarso;Insufficiente;Insufficiente;0;0;0;2;12,43052;41,80608;-1;1;Autovettura privata;In marcia / fermata / arresto;Passeggero;M;Illeso;0;;Non accertato;
3603870;11;17/12/2017 09:25;Strada Urbana;VIA DEL COMMERCIO;in prossimità;;del civico n.;27;;Scontro laterale fra veicoli in marcia;Rettilineo;Una carreggiata a doppio senso;Asciutto;Asfaltata;Verticale ed orizzontale;Sereno;Scarso;Buona;Ore Diurne;2;0;0;1;12,4754;41,87163;-1;1;Autovettura privata;In marcia / fermata / arresto;Conducente;F;Illeso;0;;;Inesploso
3603870;11;17/12/2017 09:25;Strada Urbana;VIA DEL COMMERCIO;in prossimità;;del civico n.;27;;Scontro laterale fra veicoli in marcia;Rettilineo;Una carreggiata a doppio senso;Asciutto;Asfaltata;Verticale ed orizzontale;Sereno;Scarso;Buona;Ore Diurne;2;0;0;1;12,4754;41,87163;-1;2;Motociclo con passeggero;In marcia / fermata / arresto;Conducente;M;Rimandato;0;NON DECEDUTO;Non accertato;
3603870;11;17/12/2017 09:25;Strada Urbana;VIA DEL COMMERCIO;in prossimità;;del civico n.;27;;Scontro laterale fra veicoli in marcia;Rettilineo;Una carreggiata a doppio senso;Asciutto;Asfaltata;Verticale ed orizzontale;Sereno;Scarso;Buona;Ore Diurne;2;0;0;1;12,4754;41,87163;-1;2;Motociclo con passeggero;In marcia / fermata / arresto;Passeggero;F;Rimandato;0;NON DECEDUTO;Non accertato;
3603874;5;15/12/2017 19:05;Strada Urbana;VIALE KANT;da specificare;;;;direzione VIALE EGIDIO GALBANI altezza VIA COMTE;Veicolo in marcia contro ostacolo accidentale;Rettilineo;Due carreggiate;Bagnato (pioggia);Asfaltata;Assente;Pioggia in atto;Normale;Sufficiente;Sufficiente;0;0;0;1;12,55491;41,93357;-1;1;Autovettura privata;In marcia / fermata / arresto;Conducente;M;Illeso;0;;Non accertato;Inesistente
3603878;20;17/12/2017 17:15;Provinciale entro l'abitato;VIA CASSIA;all'intersezione con;VIA RICCARDO MORBELLI;VIA RICCARDO MORBELLI;;;Fuoriuscita dalla sede stradale;Incrocio;Una carreggiata a doppio senso;Asciutto;Asfaltata;Verticale ed orizzontale;Sereno;Normale;Buona;Ore Diurne;2;0;0;4;12,37707;42,01419;-1;1;Autovettura privata;In marcia / fermata / arresto;Conducente;M;Illeso;0;;Non accertato;
3603878;20;17/12/2017 17:15;Provinciale entro l'abitato;VIA CASSIA;all'intersezione con;VIA RICCARDO MORBELLI;VIA RICCARDO MORBELLI;;;Fuoriuscita dalla sede stradale;Incrocio;Una carreggiata a doppio senso;Asciutto;Asfaltata;Verticale ed orizzontale;Sereno;Normale;Buona;Ore Diurne;2;0;0;4;12,37707;42,01419;-1;1;Autovettura privata;In marcia / fermata / arresto;Passeggero;F;Rimandato;0;NON DECEDUTO;;
3603878;20;17/12/2017 17:15;Provinciale entro l'abitato;VIA CASSIA;all'intersezione con;VIA RICCARDO MORBELLI;VIA RICCARDO MORBELLI;;;Fuoriuscita dalla sede stradale;Incrocio;Una carreggiata a doppio senso;Asciutto;Asfaltata;Verticale ed orizzontale;Sereno;Normale;Buona;Ore Diurne;2;0;0;4;12,37707;42,01419;-1;1;Autovettura privata;In marcia / fermata / arresto;Passeggero;F;Rimandato;0;NON DECEDUTO;;
3603878;20;17/12/2017 17:15;Provinciale entro l'abitato;VIA CASSIA;all'intersezione con;VIA RICCARDO MORBELLI;VIA RICCARDO MORBELLI;;;Fuoriuscita dalla sede stradale;Incrocio;Una carreggiata a doppio senso;Asciutto;Asfaltata;Verticale ed orizzontale;Sereno;Normale;Buona;Ore Diurne;2;0;0;4;12,37707;42,01419;-1;2;Autovettura privata;In marcia / fermata / arresto;Conducente;M;Illeso;0;;;
3603878;20;17/12/2017 17:15;Provinciale entro l'abitato;VIA CASSIA;all'intersezione con;VIA RICCARDO MORBELLI;VIA RICCARDO MORBELLI;;;Fuoriuscita dalla sede stradale;Incrocio;Una carreggiata a doppio senso;Asciutto;Asfaltata;Verticale ed orizzontale;Sereno;Normale;Buona;Ore Diurne;2;0;0;4;12,37707;42,01419;-1;2;Autovettura privata;In marcia / fermata / arresto;Passeggero;M;Illeso;0;;;
3603878;20;17/12/2017 17:15;Provinciale entro l'abitato;VIA CASSIA;all'intersezione con;VIA RICCARDO MORBELLI;VIA RICCARDO MORBELLI;;;Fuoriuscita dalla sede stradale;Incrocio;Una carreggiata a doppio senso;Asciutto;Asfaltata;Verticale ed orizzontale;Sereno;Normale;Buona;Ore Diurne;2;0;0;4;12,37707;42,01419;-1;2;Autovettura privata;In marcia / fermata / arresto;Passeggero;F;Illeso;0;;;
3603881;5;15/12/2017 09:30;Strada Urbana;NUOVA CIRCONVALLAZIONE INTERNA;da specificare;;;;poco oltre uscita St. Tiburtina;Veicolo in marcia contro veicolo fermo;Galleria illuminata;Una carreggiata a senso unico di marcia;Asciutto;Asfaltata;Orizzontale;Nuvoloso;Normale;Buona;Ore Diurne;0;0;0;2;12,53381;41,90797;-1;1;Motociclo a solo;In marcia / fermata / arresto;Conducente;M;Illeso;0;;Non accertato;
3603881;5;15/12/2017 09:30;Strada Urbana;NUOVA CIRCONVALLAZIONE INTERNA;da specificare;;;;poco oltre uscita St. Tiburtina;Veicolo in marcia contro veicolo fermo;Galleria illuminata;Una carreggiata a senso unico di marcia;Asciutto;Asfaltata;Orizzontale;Nuvoloso;Normale;Buona;Ore Diurne;0;0;0;2;12,53381;41,90797;-1;2;Autovettura privata;In marcia / fermata / arresto;Conducente;M;Illeso;0;;Non accertato;Inesploso
3603882;5;15/12/2017 17:30;Strada Urbana;VIA GIUSEPPE ANTONIO ANDRIULLI;da specificare;;;;prossimità Via Della Serenissima;Tamponamento;Rettilineo;Una carreggiata a senso unico di marcia;Bagnato (pioggia);Asfaltata;Verticale ed orizzontale;Pioggia in atto;Intenso;Buona;Sufficiente;0;0;0;3;12,55707;41,90198;-1;1;Autovettura privata;In marcia / fermata / arresto;Conducente;M;Illeso;0;;Non accertato;
3603882;5;15/12/2017 17:30;Strada Urbana;VIA GIUSEPPE ANTONIO ANDRIULLI;da specificare;;;;prossimità Via Della Serenissima;Tamponamento;Rettilineo;Una carreggiata a senso unico di marcia;Bagnato (pioggia);Asfaltata;Verticale ed orizzontale;Pioggia in atto;Intenso;Buona;Sufficiente;0;0;0;3;12,55707;41,90198;-1;1;Autovettura privata;In marcia / fermata / arresto;Passeggero;F;Illeso;0;;Non accertato;
3603882;5;15/12/2017 17:30;Strada Urbana;VIA GIUSEPPE ANTONIO ANDRIULLI;da specificare;;;;prossimità Via Della Serenissima;Tamponamento;Rettilineo;Una carreggiata a senso unico di marcia;Bagnato (pioggia);Asfaltata;Verticale ed orizzontale;Pioggia in atto;Intenso;Buona;Sufficiente;0;0;0;3;12,55707;41,90198;-1;2;Autovettura privata;In marcia / fermata / arresto;Conducente;F;Illeso;0;;Non accertato;
3603885;12;15/12/2017 16:45;Provinciale;VIA DELLA SOLFARATA;in prossimità;;della chilometrica;10;;Veicolo in marcia contro ostacolo accidentale;Curva senza visuale libera;Una carreggiata a doppio senso;Bagnato (pioggia);Strada pavimentata dissestata;Verticale ed orizzontale;Pioggia in atto;Normale;Insufficiente;Inesistente;0;0;0;1;12,54575;41,70648;-1;1;Autovettura privata;In marcia / fermata / arresto;Conducente;F;Illeso;0;;;
3603888;5;15/12/2017 12:15;Strada Urbana;VIA DI CASAL BERTONE;all'intersezione con;VIA ALBERTO POLLIO;VIA ALBERTO POLLIO;;;Scontro frontale fra veicoli in marcia;Incrocio;Una carreggiata a doppio senso;Bagnato (pioggia);Asfaltata;Verticale ed orizzontale;Pioggia in atto;Normale;Buona;Ore Diurne;0;0;0;3;12,53259;41,8971;-1;1;Autovettura privata;In marcia / fermata / arresto;Conducente;M;Illeso;0;;Non accertato;
3603888;5;15/12/2017 12:15;Strada Urbana;VIA DI CASAL BERTONE;all'intersezione con;VIA ALBERTO POLLIO;VIA ALBERTO POLLIO;;;Scontro frontale fra veicoli in marcia;Incrocio;Una carreggiata a doppio senso;Bagnato (pioggia);Asfaltata;Verticale ed orizzontale;Pioggia in atto;Normale;Buona;Ore Diurne;0;0;0;3;12,53259;41,8971;-1;1;Autovettura privata;In marcia / fermata / arresto;Passeggero;F;Illeso;0;;Non accertato;
3603888;5;15/12/2017 12:15;Strada Urbana;VIA DI CASAL BERTONE;all'intersezione con;VIA ALBERTO POLLIO;VIA ALBERTO POLLIO;;;Scontro frontale fra veicoli in marcia;Incrocio;Una carreggiata a doppio senso;Bagnato (pioggia);Asfaltata;Verticale ed orizzontale;Pioggia in atto;Normale;Buona;Ore Diurne;0;0;0;3;12,53259;41,8971;-1;2;Motociclo a solo;In marcia / fermata / arresto;Conducente;M;Illeso;0;;Non accertato;
3603890;5;15/12/2017 19:30;Strada Urbana;VIA TIBURTINA;in corrispondenza;;del civico n.;1431;;Veicolo in marcia contro ostacolo accidentale;Rettilineo;Due carreggiate;Bagnato (pioggia);Asfaltata;Verticale ed orizzontale;Pioggia in atto;Normale;Sufficiente;Sufficiente;0;0;0;1;12,62787;41,93876;-1;1;Autovettura privata;In marcia / fermata / arresto;Conducente;M;Illeso;0;;Non accertato;Inesploso
3603893;11;17/12/2017 13:30;Strada Urbana;VIA GIROLAMO BENZONI;all'intersezione con;VIA FRANCESCO ANTONIO PIGAFETTA;VIA FRANCESCO ANTONIO PIGAFETTA;;;Scontro frontale/laterale DX fra veicoli in marcia;Intersezione stradale segnalata;Una carreggiata a doppio senso;Asciutto;Asfaltata;Verticale;Sereno;Scarso;Buona;Ore Diurne;2;0;0;3;12,48457;41,87005;-1;1;Motociclo con passeggero;In marcia / fermata / arresto;Conducente;M;Rifiuta cure immediate;0;NON DECEDUTO;;
3603893;11;17/12/2017 13:30;Strada Urbana;VIA GIROLAMO BENZONI;all'intersezione con;VIA FRANCESCO ANTONIO PIGAFETTA;VIA FRANCESCO ANTONIO PIGAFETTA;;;Scontro frontale/laterale DX fra veicoli in marcia;Intersezione stradale segnalata;Una carreggiata a doppio senso;Asciutto;Asfaltata;Verticale;Sereno;Scarso;Buona;Ore Diurne;2;0;0;3;12,48457;41,87005;-1;1;Motociclo con passeggero;In marcia / fermata / arresto;Passeggero;F;Rimandato;0;NON DECEDUTO;;
3603893;11;17/12/2017 13:30;Strada Urbana;VIA GIROLAMO BENZONI;all'intersezione con;VIA FRANCESCO ANTONIO PIGAFETTA;VIA FRANCESCO ANTONIO PIGAFETTA;;;Scontro frontale/laterale DX fra veicoli in marcia;Intersezione stradale segnalata;Una carreggiata a doppio senso;Asciutto;Asfaltata;Verticale;Sereno;Scarso;Buona;Ore Diurne;2;0;0;3;12,48457;41,87005;-1;2;Autovettura privata;In marcia / fermata / arresto;Conducente;M;Illeso;0;;;
3603893;11;17/12/2017 13:30;Strada Urbana;VIA GIROLAMO BENZONI;all'intersezione con;VIA FRANCESCO ANTONIO PIGAFETTA;VIA FRANCESCO ANTONIO PIGAFETTA;;;Scontro frontale/laterale DX fra veicoli in marcia;Intersezione stradale segnalata;Una carreggiata a doppio senso;Asciutto;Asfaltata;Verticale;Sereno;Scarso;Buona;Ore Diurne;2;0;0;3;12,48457;41,87005;-1;2;Autovettura privata;In marcia / fermata / arresto;Passeggero;F;Illeso;0;;;
3603893;11;17/12/2017 13:30;Strada Urbana;VIA GIROLAMO BENZONI;all'intersezione con;VIA FRANCESCO ANTONIO PIGAFETTA;VIA FRANCESCO ANTONIO PIGAFETTA;;;Scontro frontale/laterale DX fra veicoli in marcia;Intersezione stradale segnalata;Una carreggiata a doppio senso;Asciutto;Asfaltata;Verticale;Sereno;Scarso;Buona;Ore Diurne;2;0;0;3;12,48457;41,87005;-1;3;Autovettura privata;In marcia / fermata / arresto;Conducente;M;Illeso;0;;;
3603899;11;17/12/2017 01:30;Strada Urbana;VIA QUIRINO MAJORANA;all'intersezione con;VIA GIOVANNI CASELLI;VIA GIOVANNI CASELLI;;;Scontro frontale/laterale DX fra veicoli in marcia;Intersezione semaforizzata;Due carreggiate;Asciutto;Asfaltata;Verticale ed orizzontale;Sereno;Scarso;Sufficiente;Sufficiente;1;0;0;1;12,46174;41,86875;-1;1;Autovettura privata;In marcia / fermata / arresto;Conducente;M;Illeso;0;;Non accertato;
3603899;11;17/12/2017 01:30;Strada Urbana;VIA QUIRINO MAJORANA;all'intersezione con;VIA GIOVANNI CASELLI;VIA GIOVANNI CASELLI;;;Scontro frontale/laterale DX fra veicoli in marcia;Intersezione semaforizzata;Due carreggiate;Asciutto;Asfaltata;Verticale ed orizzontale;Sereno;Scarso;Sufficiente;Sufficiente;1;0;0;1;12,46174;41,86875;-1;2;Autovettura privata;In marcia / fermata / arresto;Conducente;F;Rimandato;0;NON DECEDUTO;;
3603904;5;15/12/2017 19:30;Strada Urbana;VIA ORATINO;all'intersezione con;VIA CIVITACAMPOMARANO;VIA CIVITACAMPOMARANO;;;Scontro frontale/laterale DX fra veicoli in marcia;Intersezione non regolata/non segnalata;Una carreggiata a doppio senso;Bagnato (pioggia);Asfaltata;Assente;Pioggia in atto;Scarso;Sufficiente;Sufficiente;0;0;0;3;12,64259;41,9359;-1;1;Autovettura privata;In marcia / fermata / arresto;Conducente;M;Illeso;0;;Non accertato;Inesploso
3603904;5;15/12/2017 19:30;Strada Urbana;VIA ORATINO;all'intersezione con;VIA CIVITACAMPOMARANO;VIA CIVITACAMPOMARANO;;;Scontro frontale/laterale DX fra veicoli in marcia;Intersezione non regolata/non segnalata;Una carreggiata a doppio senso;Bagnato (pioggia);Asfaltata;Assente;Pioggia in atto;Scarso;Sufficiente;Sufficiente;0;0;0;3;12,64259;41,9359;-1;2;Autovettura privata;In marcia / fermata / arresto;Conducente;M;Illeso;0;;Non accertato;Inesploso
3603904;5;15/12/2017 19:30;Strada Urbana;VIA ORATINO;all'intersezione con;VIA CIVITACAMPOMARANO;VIA CIVITACAMPOMARANO;;;Scontro frontale/laterale DX fra veicoli in marcia;Intersezione non regolata/non segnalata;Una carreggiata a doppio senso;Bagnato (pioggia);Asfaltata;Assente;Pioggia in atto;Scarso;Sufficiente;Sufficiente;0;0;0;3;12,64259;41,9359;-1;2;Autovettura privata;In marcia / fermata / arresto;Passeggero;F;Illeso;0;;Non accertato;Inesploso
3603908;5;15/12/2017 14:00;Strada Urbana;NUOVA CIRCONVALLAZIONE INTERNA;da specificare;;;;Uscita Galleria dir. S. Giovanni;Tamponamento Multiplo;Rettilineo;Due carreggiate;Bagnato (pioggia);Asfaltata;Verticale ed orizzontale;Pioggia in atto;Normale;Sufficiente;Ore Diurne;0;0;0;4;12,53379;41,90817;-1;1;Autovettura privata;In marcia / fermata / arresto;Conducente;F;Illeso;0;;Non accertato;Inesploso
3603908;5;15/12/2017 14:00;Strada Urbana;NUOVA CIRCONVALLAZIONE INTERNA;da specificare;;;;Uscita Galleria dir. S. Giovanni;Tamponamento Multiplo;Rettilineo;Due carreggiate;Bagnato (pioggia);Asfaltata;Verticale ed orizzontale;Pioggia in atto;Normale;Sufficiente;Ore Diurne;0;0;0;4;12,53379;41,90817;-1;2;Autovettura privata;In marcia / fermata / arresto;Conducente;F;Illeso;0;;Non accertato;Inesploso
3603908;5;15/12/2017 14:00;Strada Urbana;NUOVA CIRCONVALLAZIONE INTERNA;da specificare;;;;Uscita Galleria dir. S. Giovanni;Tamponamento Multiplo;Rettilineo;Due carreggiate;Bagnato (pioggia);Asfaltata;Verticale ed orizzontale;Pioggia in atto;Normale;Sufficiente;Ore Diurne;0;0;0;4;12,53379;41,90817;-1;3;Autovettura privata;In marcia / fermata / arresto;Conducente;M;Illeso;0;;Non accertato;Inesploso
3603908;5;15/12/2017 14:00;Strada Urbana;NUOVA CIRCONVALLAZIONE INTERNA;da specificare;;;;Uscita Galleria dir. S. Giovanni;Tamponamento Multiplo;Rettilineo;Due carreggiate;Bagnato (pioggia);Asfaltata;Verticale ed orizzontale;Pioggia in atto;Normale;Sufficiente;Ore Diurne;0;0;0;4;12,53379;41,90817;-1;3;Autovettura privata;In marcia / fermata / arresto;Passeggero;F;Illeso;0;;Non accertato;Inesploso
3603910;12;15/12/2017 20:00;Provinciale;VIA ARDEATINA;da specificare;;;;direzione Ardea pros.rotatoria Santa Palomba;Veicolo in marcia contro ostacolo accidentale;Rettilineo;Una carreggiata a doppio senso;Bagnato (pioggia);Con buche;Verticale ed orizzontale;Pioggia in atto;Normale;Insufficiente;Inesistente;0;0;0;1;12,57376;41,71481;-1;1;Autovettura privata;In marcia / fermata / arresto;Conducente;M;Illeso;0;;Non accertato;Inesploso
3603911;10;17/12/2017 05:45;Strada Urbana;VIA DI TORRE SPACCATA;all'intersezione con;VIA WALTER PROCACCINI;VIA WALTER PROCACCINI;;;Tamponamento;Intersezione stradale segnalata;Una carreggiata a senso unico di marcia;Asciutto;Asfaltata;Verticale ed orizzontale;Sereno;Scarso;Buona;Sufficiente;1;0;0;3;12,58242;41,85184;-1;1;Autovettura privata;In marcia / fermata / arresto;Conducente;M;Illeso;0;;Non accertato;Inesploso
3603911;10;17/12/2017 05:45;Strada Urbana;VIA DI TORRE SPACCATA;all'intersezione con;VIA WALTER PROCACCINI;VIA WALTER PROCACCINI;;;Tamponamento;Intersezione stradale segnalata;Una carreggiata a senso unico di marcia;Asciutto;Asfaltata;Verticale ed orizzontale;Sereno;Scarso;Buona;Sufficiente;1;0;0;3;12,58242;41,85184;-1;1;Autovettura privata;In marcia / fermata / arresto;Passeggero;F;Rimandato;0;NON DECEDUTO;Non accertato;Inesploso
3603911;10;17/12/2017 05:45;Strada Urbana;VIA DI TORRE SPACCATA;all'intersezione con;VIA WALTER PROCACCINI;VIA WALTER PROCACCINI;;;Tamponamento;Intersezione stradale segnalata;Una carreggiata a senso unico di marcia;Asciutto;Asfaltata;Verticale ed orizzontale;Sereno;Scarso;Buona;Sufficiente;1;0;0;3;12,58242;41,85184;-1;1;Autovettura privata;In marcia / fermata / arresto;Passeggero;M;Illeso;0;;Non accertato;Inesploso
3603911;10;17/12/2017 05:45;Strada Urbana;VIA DI TORRE SPACCATA;all'intersezione con;VIA WALTER PROCACCINI;VIA WALTER PROCACCINI;;;Tamponamento;Intersezione stradale segnalata;Una carreggiata a senso unico di marcia;Asciutto;Asfaltata;Verticale ed orizzontale;Sereno;Scarso;Buona;Sufficiente;1;0;0;3;12,58242;41,85184;-1;2;Autovettura privata;In marcia / fermata / arresto;Conducente;M;Illeso;0;;Non accertato;Esploso
3603912;7;15/12/2017 11:10;Strada Urbana;VIA DEI CASTANI;all'intersezione con;PIAZZA DI S. FELICE DA CANTALICE;PIAZZA DI S. FELICE DA CANTALICE;;;Scontro laterale fra veicoli in marcia;Incrocio;Più di due carreggiate;Asciutto;Asfaltata;Verticale ed orizzontale;Sereno;Normale;Buona;Ore Diurne;0;0;0;3;12,56457;41,87611;-1;1;Autovettura privata;In marcia / fermata / arresto;Conducente;M;Illeso;0;;Non accertato;Inesploso
3603912;7;15/12/2017 11:10;Strada Urbana;VIA DEI CASTANI;all'intersezione con;PIAZZA DI S. FELICE DA CANTALICE;PIAZZA DI S. FELICE DA CANTALICE;;;Scontro laterale fra veicoli in marcia;Incrocio;Più di due carreggiate;Asciutto;Asfaltata;Verticale ed orizzontale;Sereno;Normale;Buona;Ore Diurne;0;0;0;3;12,56457;41,87611;-1;2;Autovettura privata;In marcia / fermata / arresto;Conducente;F;Illeso;0;;Non accertato;Inesploso
3603912;7;15/12/2017 11:10;Strada Urbana;VIA DEI CASTANI;all'intersezione con;PIAZZA DI S. FELICE DA CANTALICE;PIAZZA DI S. FELICE DA CANTALICE;;;Scontro laterale fra veicoli in marcia;Incrocio;Più di due carreggiate;Asciutto;Asfaltata;Verticale ed orizzontale;Sereno;Normale;Buona;Ore Diurne;0;0;0;3;12,56457;41,87611;-1;2;Autovettura privata;In marcia / fermata / arresto;Passeggero;M;Illeso;0;;Non accertato;Inesploso
3603916;8;16/12/2017 11:45;Strada Urbana;VIA PRENESTINA;in prossimità;;del palo luce n.;677;;Veicolo in marcia contro ostacolo fisso;Rettilineo;Una carreggiata a doppio senso;Asciutto;Con buche;Verticale ed orizzontale;Sereno;Normale;Buona;Ore Diurne;0;0;0;1;12,61059;41,89346;-1;1;Autovettura privata;In marcia / fermata / arresto;Conducente;M;Illeso;0;;Non accertato;Inesploso
3603920;19;17/12/2017 21:50;Strada Urbana;VIA OTTAVIO ASSAROTTI;all'intersezione con;VIA FRATELLI GUALANDI;VIA FRATELLI GUALANDI;;;Scontro frontale/laterale SX fra veicoli in marcia;Incrocio;Una carreggiata a senso unico di marcia;Asciutto;Asfaltata;Verticale ed orizzontale;Sereno;Normale;Buona;Sufficiente;0;0;0;3;12,42242;41,94186;-1;1;Autovettura privata;In marcia / fermata / arresto;Conducente;M;Illeso;0;;;
3603920;19;17/12/2017 21:50;Strada Urbana;VIA OTTAVIO ASSAROTTI;all'intersezione con;VIA FRATELLI GUALANDI;VIA FRATELLI GUALANDI;;;Scontro frontale/laterale SX fra veicoli in marcia;Incrocio;Una carreggiata a senso unico di marcia;Asciutto;Asfaltata;Verticale ed orizzontale;Sereno;Normale;Buona;Sufficiente;0;0;0;3;12,42242;41,94186;-1;1;Autovettura privata;In marcia / fermata / arresto;Passeggero;M;Illeso;0;;;
3603920;19;17/12/2017 21:50;Strada Urbana;VIA OTTAVIO ASSAROTTI;all'intersezione con;VIA FRATELLI GUALANDI;VIA FRATELLI GUALANDI;;;Scontro frontale/laterale SX fra veicoli in marcia;Incrocio;Una carreggiata a senso unico di marcia;Asciutto;Asfaltata;Verticale ed orizzontale;Sereno;Normale;Buona;Sufficiente;0;0;0;3;12,42242;41,94186;-1;2;Autovettura privata;In marcia / fermata / arresto;Conducente;M;Illeso;0;;;