Protocollo;Gruppo;DataOraIncidente;Localizzazione1;STRADA1;Localizzazione2;STRADA2;Strada02;Chilometrica;DaSpecificare;NaturaIncidente;particolaritastrade;TipoStrada;FondoStradale;Pavimentazione;Segnaletica;CondizioneAtmosferica;Traffico;Visibilita;Illuminazione;NUM_FERITI;NUM_RISERVATA;NUM_MORTI;NUM_ILLESI;Longitudine;Latitudine;Confermato;Progressivo;TipoVeicolo;StatoVeicolo;TipoPersona;Sesso;Tipolesione;Deceduto;DecedutoDopo;CinturaCascoUtilizzato;Airbag
3609145;18;20/12/2017 18:40;Strada Urbana;VIA DI BOCCEA;in prossimità;;del civico n.;451;;Investimento di pedone;Rettilineo;Una carreggiata a doppio senso;Asciutto;Asfaltata;Verticale ed orizzontale;Sereno;Normale;Sufficiente;Sufficiente;3;0;0;1;12,39482;41,91059;-1;1;Motociclo a solo;In marcia / fermata / arresto;Conducente;M;Illeso;0;;;
3609145;18;20/12/2017 18:40;Strada Urbana;VIA DI BOCCEA;in prossimità;;del civico n.;451;;Investimento di pedone;Rettilineo;Una carreggiata a doppio senso;Asciutto;Asfaltata;Verticale ed orizzontale;Sereno;Normale;Sufficiente;Sufficiente;3;0;0;1;12,39482;41,91059;-1;2;Motociclo con passeggero;In marcia / fermata / arresto;Conducente;M;Rimandato;0;NON DECEDUTO;;
3609145;18;20/12/2017 18:40;Strada Urbana;VIA DI BOCCEA;in prossimità;;del civico n.;451;;Investimento di pedone;Rettilineo;Una carreggiata a doppio senso;Asciutto;Asfaltata;Verticale ed orizzontale;Sereno;Normale;Sufficiente;Sufficiente;3;0;0;1;12,39482;41,91059;-1;2;Motociclo con passeggero;In marcia / fermata / arresto;Passeggero;F;Rimandato;0;NON DECEDUTO;;
3609146;1;20/12/2017 08:20;Strada Urbana;LUNGOTEVERE TESTACCIO;all'intersezione con;VIA GIOVANNI BATTISTA BODONI;VIA GIOVANNI BATTISTA BODONI;;;Scontro frontale/laterale DX fra veicoli in marcia;Incrocio;Una carreggiata a doppio senso;Asciutto;Asfaltata;Verticale ed orizzontale;Sereno;Normale;Buona;Ore Diurne;0;0;0;2;12,47075;41,87744;-1;1;Autovettura privata;In marcia / fermata / arresto;Conducente;M;Illeso;0;;Non accertato;Inesploso
3609146;1;20/12/2017 08:20;Strada Urbana;LUNGOTEVERE TESTACCIO;all'intersezione con;VIA GIOVANNI BATTISTA BODONI;VIA GIOVANNI BATTISTA BODONI;;;Scontro frontale/laterale DX fra veicoli in marcia;Incrocio;Una carreggiata a doppio senso;Asciutto;Asfaltata;Verticale ed orizzontale;Sereno;Normale;Buona;Ore Diurne;0;0;0;2;12,47075;41,87744;-1;2;Autovettura privata;In marcia / fermata / arresto;Conducente;M;Illeso;0;;Utilizzato;Inesploso
3609152;3;18/12/2017 07:30;Strada Urbana;CIRCONVALLAZIONE NOMENTANA;da specificare;;;;fronte Caserma Amione;Tamponamento;Rettilineo;Una carreggiata a senso unico di marcia;Asciutto;Asfaltata;Orizzontale;Sereno;Normale;Sufficiente;Ore Diurne;1;0;0;0;12,52737;41,92923;-1;1;Motociclo a solo;In marcia / fermata / arresto;Conducente;M;Ricoverato;0;NON DECEDUTO;Non accertato;
3609156;19;20/12/2017 15:00;Strada Urbana;VIA TRIONFALE;in prossimità;;del civico n.;12386;;Investimento di pedone;Rettilineo;Una carreggiata a senso unico di marcia;Asciutto;Asfaltata;Verticale ed orizzontale;Sereno;Normale;Buona;Ore Diurne;1;0;0;1;12,40886;41,96964;-1;;;;Pedone;F;Ricoverato;0;NON DECEDUTO;;
3609156;19;20/12/2017 15:00;Strada Urbana;VIA TRIONFALE;in prossimità;;del civico n.;12386;;Investimento di pedone;Rettilineo;Una carreggiata a senso unico di marcia;Asciutto;Asfaltata;Verticale ed orizzontale;Sereno;Normale;Buona;Ore Diurne;1;0;0;1;12,40886;41,96964;-1;1;Autovettura privata;In marcia / fermata / arresto;Conducente;F;Illeso;0;;Non accertato;Inesploso
3609166;5;20/12/2017 17:10;Strada Urbana;VIA DI MARCO SIMONE;da specificare;;;;altezza Laura Biagiotti;Tamponamento Multiplo;Rettilineo;Una carreggiata a doppio senso;Asciutto;Asfaltata;Orizzontale;Sereno;Normale;Buona;Insufficiente;0;0;0;2;12,63274;41,95773;-1;1;Autovettura privata;In marcia / fermata / arresto;Conducente;M;Illeso;0;;Non accertato;Inesploso
3609166;5;20/12/2017 17:10;Strada Urbana;VIA DI MARCO SIMONE;da specificare;;;;altezza Laura Biagiotti;Tamponamento Multiplo;Rettilineo;Una carreggiata a doppio senso;Asciutto;Asfaltata;Orizzontale;Sereno;Normale;Buona;Insufficiente;0;0;0;2;12,63274;41,95773;-1;2;Autovettura privata;In marcia / fermata / arresto;Conducente;M;Illeso;0;;Non accertato;Inesploso
3609169;16;19/12/2017 10:45;Strada Urbana;VIA DI MONTE VERDE;all'intersezione con;PIAZZA CARLO ALBERTO SCOTTI;PIAZZA CARLO ALBERTO SCOTTI;;;Scontro frontale/laterale SX fra veicoli in marcia;Rotatoria;Una carreggiata a senso unico di marcia;Asciutto;Asfaltata;Verticale ed orizzontale;Sereno;Normale;Buona;Ore Diurne;1;0;0;1;12,44918;41,87116;-1;1;Motociclo a solo;In marcia / fermata / arresto;Conducente;M;Rimandato;0;NON DECEDUTO;Non accertato;
3609169;16;19/12/2017 10:45;Strada Urbana;VIA DI MONTE VERDE;all'intersezione con;PIAZZA CARLO ALBERTO SCOTTI;PIAZZA CARLO ALBERTO SCOTTI;;;Scontro frontale/laterale SX fra veicoli in marcia;Rotatoria;Una carreggiata a senso unico di marcia;Asciutto;Asfaltata;Verticale ed orizzontale;Sereno;Normale;Buona;Ore Diurne;1;0;0;1;12,44918;41,87116;-1;2;Autovettura privata;In marcia / fermata / arresto;Conducente;F;Illeso;0;;Non accertato;Inesploso
3609171;3;18/12/2017 16:47;Strada Urbana;VIA TIBURTINA;da specificare;;;;direzione Portonaccio;Scontro laterale fra veicoli in marcia;Rettilineo;Una carreggiata a senso unico di marcia;Asciutto;Asfaltata;Verticale;Sereno;Intenso;Sufficiente;Sufficiente;0;0;0;4;12,51696;41,90006;-1;1;Autobus di linea;In marcia / fermata / arresto;Conducente;M;Illeso;0;;Non accertato;Inesploso
3609171;3;18/12/2017 16:47;Strada Urbana;VIA TIBURTINA;da specificare;;;;direzione Portonaccio;Scontro laterale fra veicoli in marcia;Rettilineo;Una carreggiata a senso unico di marcia;Asciutto;Asfaltata;Verticale;Sereno;Intenso;Sufficiente;Sufficiente;0;0;0;4;12,51696;41,90006;-1;1;Autobus di linea;In marcia / fermata / arresto;Passeggero;M;Illeso;0;;Non accertato;Inesploso
3609171;3;18/12/2017 16:47;Strada Urbana;VIA TIBURTINA;da specificare;;;;direzione Portonaccio;Scontro laterale fra veicoli in marcia;Rettilineo;Una carreggiata a senso unico di marcia;Asciutto;Asfaltata;Verticale;Sereno;Intenso;Sufficiente;Sufficiente;0;0;0;4;12,51696;41,90006;-1;2;Autocarro inferiore 35 q.;In marcia / fermata / arresto;Conducente;M;Illeso;0;;Non accertato;Inesploso
3609171;3;18/12/2017 16:47;Strada Urbana;VIA TIBURTINA;da specificare;;;;direzione Portonaccio;Scontro laterale fra veicoli in marcia;Rettilineo;Una carreggiata a senso unico di marcia;Asciutto;Asfaltata;Verticale;Sereno;Intenso;Sufficiente;Sufficiente;0;0;0;4;12,51696;41,90006;-1;2;Autocarro inferiore 35 q.;In marcia / fermata / arresto;Passeggero;M;Illeso;0;;Non accertato;Inesploso
3609176;1;19/12/2017 10:40;Strada Urbana;VIA VITTORIO VENETO;all'intersezione con;VIA LOMBARDIA;VIA LOMBARDIA;;;Veicolo in marcia contro veicolo fermo;Incrocio;Una carreggiata a doppio senso;Asciutto;Acciotolata;Verticale ed orizzontale;Sereno;Normale;Buona;Ore Diurne;0;0;0;2;12,48954;41,90612;-1;1;Autovettura pubblica;In marcia / fermata / arresto;Conducente;M;Illeso;0;;Non accertato;Inesploso
3609176;1;19/12/2017 10:40;Strada Urbana;VIA VITTORIO VENETO;all'intersezione con;VIA LOMBARDIA;VIA LOMBARDIA;;;Veicolo in marcia contro veicolo fermo;Incrocio;Una carreggiata a doppio senso;Asciutto;Acciotolata;Verticale ed orizzontale;Sereno;Normale;Buona;Ore Diurne;0;0;0;2;12,48954;41,90612;-1;2;Autocarro inferiore 35 q.;In marcia / fermata / arresto;Conducente;M;Illeso;0;;Non accertato;Inesploso
3609200;1;20/12/2017 21:55;Strada Urbana;VICOLO SCANDERBEG;in corrispondenza;;del civico n.;45/46;;Veicolo in marcia contro veicolo in sosta;Strettoia;Una carreggiata a senso unico di marcia;Asciutto;Lastricata;Verticale;Sereno;Scarso;Sufficiente;Sufficiente;0;0;0;1;12,48495;41,90056;-1;2;Autovettura privata;In marcia / fermata / arresto;Conducente;M;Illeso;0;;;
3609209;3;18/12/2017 17:15;Strada Urbana;CIRCONVALLAZIONE TIBURTINA;da specificare;;;;altezza innesto N.C.I. Dir.ne S.Giovanni;Tamponamento;Rettilineo;Una carreggiata a senso unico di marcia;Asciutto;Asfaltata;Verticale ed orizzontale;Sereno;Intenso;Sufficiente;Sufficiente;0;0;0;3;12,53249;41,90474;-1;1;Autovettura privata;In marcia / fermata / arresto;Conducente;M;Illeso;0;;Non accertato;Inesploso
3609209;3;18/12/2017 17:15;Strada Urbana;CIRCONVALLAZIONE TIBURTINA;da specificare;;;;altezza innesto N.C.I. Dir.ne S.Giovanni;Tamponamento;Rettilineo;Una carreggiata a senso unico di marcia;Asciutto;Asfaltata;Verticale ed orizzontale;Sereno;Intenso;Sufficiente;Sufficiente;0;0;0;3;12,53249;41,90474;-1;2;Autovettura privata;In marcia / fermata / arresto;Conducente;M;Illeso;0;;Non accertato;Inesploso
3609209;3;18/12/2017 17:15;Strada Urbana;CIRCONVALLAZIONE TIBURTINA;da specificare;;;;altezza innesto N.C.I. Dir.ne S.Giovanni;Tamponamento;Rettilineo;Una carreggiata a senso unico di marcia;Asciutto;Asfaltata;Verticale ed orizzontale;Sereno;Intenso;Sufficiente;Sufficiente;0;0;0;3;12,53249;41,90474;-1;2;Autovettura privata;In marcia / fermata / arresto;Passeggero;F;Illeso;0;;Non accertato;Inesploso
3609222;3;18/12/2017 15:20;Strada Urbana;VIA NOMENTANA;da specificare;;;;alt. civ. 66 - corsia centr.le dir.ne P. Sempione;Tamponamento Multiplo;Rettilineo;Più di due carreggiate;Asciutto;Asfaltata;Verticale ed orizzontale;Sereno;Intenso;Buona;Ore Diurne;0;0;0;3;12,51009;41,91515;-1;1;Autovettura privata;In marcia / fermata / arresto;Conducente;M;Illeso;0;;Non accertato;Inesploso
3609222;3;18/12/2017 15:20;Strada Urbana;VIA NOMENTANA;da specificare;;;;alt. civ. 66 - corsia centr.le dir.ne P. Sempione;Tamponamento Multiplo;Rettilineo;Più di due carreggiate;Asciutto;Asfaltata;Verticale ed orizzontale;Sereno;Intenso;Buona;Ore Diurne;0;0;0;3;12,51009;41,91515;-1;2;Autovettura privata;In marcia / fermata / arresto;Conducente;F;Illeso;0;;Non accertato;Inesploso
3609222;3;18/12/2017 15:20;Strada Urbana;VIA NOMENTANA;da specificare;;;;alt. civ. 66 - corsia centr.le dir.ne P. Sempione;Tamponamento Multiplo;Rettilineo;Più di due carreggiate;Asciutto;Asfaltata;Verticale ed orizzontale;Sereno;Intenso;Buona;Ore Diurne;0;0;0;3;12,51009;41,91515;-1;3;Autovettura privata;In marcia / fermata / arresto;Conducente;M;Illeso;0;;Non accertato;Inesploso
3609226;19;20/12/2017 21:30;Strada Urbana;VIA MONTE CERVIALTO;all'intersezione semaforizzata con;VIA CAMILLO IACOBINI;VIA CAMILLO IACOBINI;;;Veicolo in marcia contro ostacolo fisso;Incrocio;Più di due carreggiate;Asciutto;Asfaltata;Verticale ed orizzontale;Sereno;Normale;Buona;Sufficiente;0;0;0;1;12,52321;41,95409;-1;1;Autovettura privata;In marcia / fermata / arresto;Conducente;M;Illeso;0;;Utilizzato;Inesploso
3609232;12;19/12/2017 10:00;Strada Urbana;VIALE STEFANO GRADI;all'intersezione con;VIA ANDREA MELDOLA;VIA ANDREA MELDOLA;;;Scontro frontale/laterale SX fra veicoli in marcia;Incrocio;Due carreggiate;Asciutto;Asfaltata;Verticale ed orizzontale;Sereno;Normale;Buona;Ore Diurne;0;0;0;5;12,50405;41,82347;-1;1;Autovettura privata;In marcia / fermata / arresto;Conducente;F;Illeso;0;;Non accertato;Inesploso
3609232;12;19/12/2017 10:00;Strada Urbana;VIALE STEFANO GRADI;all'intersezione con;VIA ANDREA MELDOLA;VIA ANDREA MELDOLA;;;Scontro frontale/laterale SX fra veicoli in marcia;Incrocio;Due carreggiate;Asciutto;Asfaltata;Verticale ed orizzontale;Sereno;Normale;Buona;Ore Diurne;0;0;0;5;12,50405;41,82347;-1;2;Autovettura privata;In marcia / fermata / arresto;Conducente;F;Illeso;0;;Utilizzato;Inesploso
3609232;12;19/12/2017 10:00;Strada Urbana;VIALE STEFANO GRADI;all'intersezione con;VIA ANDREA MELDOLA;VIA ANDREA MELDOLA;;;Scontro frontale/laterale SX fra veicoli in marcia;Incrocio;Due carreggiate;Asciutto;Asfaltata;Verticale ed orizzontale;Sereno;Normale;Buona;Ore Diurne;0;0;0;5;12,50405;41,82347;-1;3;Autovettura privata;In marcia / fermata / arresto;Conducente;F;Illeso;0;;Non accertato;Inesploso
3609232;12;19/12/2017 10:00;Strada Urbana;VIALE STEFANO GRADI;all'intersezione con;VIA ANDREA MELDOLA;VIA ANDREA MELDOLA;;;Scontro frontale/laterale SX fra veicoli in marcia;Incrocio;Due carreggiate;Asciutto;Asfaltata;Verticale ed orizzontale;Sereno;Normale;Buona;Ore Diurne;0;0;0;5;12,50405;41,82347;-1;4;Autovettura privata;In marcia / fermata / arresto;Conducente;M;Illeso;0;;Non accertato;Inesploso
3609232;12;19/12/2017 10:00;Strada Urbana;VIALE STEFANO GRADI;all'intersezione con;VIA ANDREA MELDOLA;VIA ANDREA MELDOLA;;;Scontro frontale/laterale SX fra veicoli in marcia;Incrocio;Due carreggiate;Asciutto;Asfaltata;Verticale ed orizzontale;Sereno;Normale;Buona;Ore Diurne;0;0;0;5;12,50405;41,82347;-1;5;Autovettura privata;In marcia / fermata / arresto;Conducente;M;Illeso;0;;Non accertato;Inesploso
3609236;17;20/12/2017 17:30;Strada Urbana;VIA DUILIO;all'intersezione con;VIA DEGLI SCIPIONI;VIA DEGLI SCIPIONI;;;Scontro frontale/laterale DX fra veicoli in marcia;Intersezione stradale segnalata;Una carreggiata a senso unico di marcia;Asciutto;Asfaltata;Verticale ed orizzontale;Sereno;Intenso;Buona;Sufficiente;0;0;0;3;12,46404;41,91038;-1;1;Autovettura privata;In marcia / fermata / arresto;Conducente;F;Illeso;0;;;
3609236;17;20/12/2017 17:30;Strada Urbana;VIA DUILIO;all'intersezione con;VIA DEGLI SCIPIONI;VIA DEGLI SCIPIONI;;;Scontro frontale/laterale DX fra veicoli in marcia;Intersezione stradale segnalata;Una carreggiata a senso unico di marcia;Asciutto;Asfaltata;Verticale ed orizzontale;Sereno;Intenso;Buona;Sufficiente;0;0;0;3;12,46404;41,91038;-1;1;Autovettura privata;In marcia / fermata / arresto;Passeggero;F;Illeso;0;;;
3609236;17;20/12/2017 17:30;Strada Urbana;VIA DUILIO;all'intersezione con;VIA DEGLI SCIPIONI;VIA DEGLI SCIPIONI;;;Scontro frontale/laterale DX fra veicoli in marcia;Intersezione stradale segnalata;Una carreggiata a senso unico di marcia;Asciutto;Asfaltata;Verticale ed orizzontale;Sereno;Intenso;Buona;Sufficiente;0;0;0;3;12,46404;41,91038;-1;2;Autovettura privata;In marcia / fermata / arresto;Conducente;M;Illeso;0;;;
3609238;1;20/12/2017 16:00;Strada Urbana;PIAZZA DI PORTA MAGGIORE;in prossimità;;del civico n.;4;;Tamponamento;Rettilineo;Una carreggiata a senso unico di marcia;Asciutto;Asfaltata;Verticale ed orizzontale;Sereno;Normale;Buona;Ore Diurne;0;0;0;2;;;0;1;Autovettura privata;In marcia / fermata / arresto;Conducente;M;Illeso;0;;Non accertato;
3609238;1;20/12/2017 16:00;Strada Urbana;PIAZZA DI PORTA MAGGIORE;in prossimità;;del civico n.;4;;Tamponamento;Rettilineo;Una carreggiata a senso unico di marcia;Asciutto;Asfaltata;Verticale ed orizzontale;Sereno;Normale;Buona;Ore Diurne;0;0;0;2;;;0;2;Autovettura privata;In marcia / fermata / arresto;Conducente;F;Illeso;0;;;
3609240;2;20/12/2017 11:50;Strada Urbana;VIA DELLE VALLI;da specificare;;;;pross. p.zza Gondar dir. viale Libia;Ribaltamento senza urto contro ostacolo fisso;Rettilineo;Due carreggiate;Asciutto;Asfaltata;Orizzontale;Sereno;Normale;Buona;Ore Diurne;0;0;0;1;12,52383;41,93567;-1;1;Motociclo a solo;In marcia / fermata / arresto;Conducente;M;Illeso;0;;Non accertato;
3609241;3;18/12/2017 16:35;Strada Urbana;VIA NOMENTANA;all'intersezione semaforizzata con;VIA CARLO FEA;VIA CARLO FEA;;;Investimento di pedone;Intersezione semaforizzata;Più di due carreggiate;Asciutto;Asfaltata;Verticale ed orizzontale;Sereno;Normale;Sufficiente;Sufficiente;1;0;0;2;12,55901;41,9438;-1;;;;Pedone;F;Illeso;0;;;
3609241;3;18/12/2017 16:35;Strada Urbana;VIA NOMENTANA;all'intersezione semaforizzata con;VIA CARLO FEA;VIA CARLO FEA;;;Investimento di pedone;Intersezione semaforizzata;Più di due carreggiate;Asciutto;Asfaltata;Verticale ed orizzontale;Sereno;Normale;Sufficiente;Sufficiente;1;0;0;2;12,55901;41,9438;-1;;;;Pedone;M;Illeso;0;;;
3609241;3;18/12/2017 16:35;Strada Urbana;VIA NOMENTANA;all'intersezione semaforizzata con;VIA CARLO FEA;VIA CARLO FEA;;;Investimento di pedone;Intersezione semaforizzata;Più di due carreggiate;Asciutto;Asfaltata;Verticale ed orizzontale;Sereno;Normale;Sufficiente;Sufficiente;1;0;0;2;12,55901;41,9438;-1;1;Motociclo a solo;In marcia / fermata / arresto;Conducente;M;Rimandato;0;NON DECEDUTO;Non accertato;
3609242;15;21/12/2017 08:30;Strada Urbana;VIA DEL TRULLO;da specificare;;;;prox civico 478;Veicolo in marcia contro ostacolo accidentale;Rettilineo;Una carreggiata a doppio senso;Ghiacciato;Asfaltata;Orizzontale;Sereno;Normale;Buona;Ore Diurne;1;0;0;0;12,43679;41,84304;-1;1;Motociclo a solo;In marcia / fermata / arresto;Conducente;M;Rimandato;0;NON DECEDUTO;Non accertato;
3609243;2;20/12/2017 13:45;Strada Urbana;VIA DELLE VALLI;da specificare;;;;12,20 mt prima svincolo tang. Est dir. Foro Italic;Veicoli in marcia contro veicolo fermo;Rettilineo;Due carreggiate;Asciutto;Asfaltata;Verticale;Sereno;Intenso;Buona;Ore Diurne;2;0;0;1;12,5213;41,9335;-1;1;Motociclo a solo;In marcia / fermata / arresto;Conducente;M;Rimandato;0;NON DECEDUTO;;
3609243;2;20/12/2017 13:45;Strada Urbana;VIA DELLE VALLI;da specificare;;;;12,20 mt prima svincolo tang. Est dir. Foro Italic;Veicoli in marcia contro veicolo fermo;Rettilineo;Due carreggiate;Asciutto;Asfaltata;Verticale;Sereno;Intenso;Buona;Ore Diurne;2;0;0;1;12,5213;41,9335;-1;2;Motociclo a solo;In marcia / fermata / arresto;Conducente;M;Rifiuta cure immediate;0;NON DECEDUTO;;
3609243;2;20/12/2017 13:45;Strada Urbana;VIA DELLE VALLI;da specificare;;;;12,20 mt prima svincolo tang. Est dir. Foro Italic;Veicoli in marcia contro veicolo fermo;Rettilineo;Due carreggiate;Asciutto;Asfaltata;Verticale;Sereno;Intenso;Buona;Ore Diurne;2;0;0;1;12,5213;41,9335;-1;3;Autovettura di polizia;In marcia / fermata / arresto;Conducente;M;Illeso;0;;;
3609254;7;20/12/2017 17:55;Strada Urbana;VIA PAPIRIA;all'intersezione con;VIA PONZIO COMINIO;VIA PONZIO COMINIO;;;Scontro frontale/laterale DX fra veicoli in marcia;Incrocio;Una carreggiata a doppio senso;Asciutto;Asfaltata;Verticale ed orizzontale;Sereno;Normale;Buona;Sufficiente;2;0;0;1;12,56001;41,86386;-1;1;Autovettura privata;In marcia / fermata / arresto;Conducente;F;Rimandato;0;NON DECEDUTO;Non accertato;Inesploso
3609254;7;20/12/2017 17:55;Strada Urbana;VIA PAPIRIA;all'intersezione con;VIA PONZIO COMINIO;VIA PONZIO COMINIO;;;Scontro frontale/laterale DX fra veicoli in marcia;Incrocio;Una carreggiata a doppio senso;Asciutto;Asfaltata;Verticale ed orizzontale;Sereno;Normale;Buona;Sufficiente;2;0;0;1;12,56001;41,86386;-1;1;Autovettura privata;In marcia / fermata / arresto;Passeggero;F;Rimandato;0;NON DECEDUTO;Non accertato;Inesploso
3609254;7;20/12/2017 17:55;Strada Urbana;VIA PAPIRIA;all'intersezione con;VIA PONZIO COMINIO;VIA PONZIO COMINIO;;;Scontro frontale/laterale DX fra veicoli in marcia;Incrocio;Una carreggiata a doppio senso;Asciutto;Asfaltata;Verticale ed orizzontale;Sereno;Normale;Buona;Sufficiente;2;0;0;1;12,56001;41,86386;-1;2;Autovettura privata;In marcia / fermata / arresto;Conducente;F;Illeso;0;;Non accertato;Inesploso
3609272;2;20/12/2017 11:30;Strada Urbana;VIA ANTONIO BERTOLONI;all'intersezione con;PIAZZA PITAGORA;PIAZZA PITAGORA;;;Veicolo in marcia contro veicolo arresto;Incrocio;Una carreggiata a doppio senso;Asciutto;Asfaltata;Verticale ed orizzontale;Sereno;Normale;Buona;Ore Diurne;0;0;0;2;12,48883;41,92295;-1;1;Autovettura privata;In marcia / fermata / arresto;Conducente;F;Illeso;0;;Non accertato;Inesploso
3609272;2;20/12/2017 11:30;Strada Urbana;VIA ANTONIO BERTOLONI;all'intersezione con;PIAZZA PITAGORA;PIAZZA PITAGORA;;;Veicolo in marcia contro veicolo arresto;Incrocio;Una carreggiata a doppio senso;Asciutto;Asfaltata;Verticale ed orizzontale;Sereno;Normale;Buona;Ore Diurne;0;0;0;2;12,48883;41,92295;-1;2;Autovettura privata;In marcia / fermata / arresto;Conducente;M;Illeso;0;;Non accertato;Inesploso
3609277;2;20/12/2017 12:31;Strada Urbana;LARGO FORANO;all'intersezione semaforizzata con;VIA ALESSANDRO VESSELLA;VIA ALESSANDRO VESSELLA;;;Scontro frontale fra veicoli in marcia;Intersezione semaforizzata;Una carreggiata a doppio senso;Asciutto;Asfaltata;Verticale ed orizzontale;Sereno;Normale;Buona;Ore Diurne;1;0;0;2;12,51087;41,93534;-1;1;Autovettura privata;In marcia / fermata / arresto;Conducente;M;Illeso;0;;Non accertato;Inesploso
3609277;2;20/12/2017 12:31;Strada Urbana;LARGO FORANO;all'intersezione semaforizzata con;VIA ALESSANDRO VESSELLA;VIA ALESSANDRO VESSELLA;;;Scontro frontale fra veicoli in marcia;Intersezione semaforizzata;Una carreggiata a doppio senso;Asciutto;Asfaltata;Verticale ed orizzontale;Sereno;Normale;Buona;Ore Diurne;1;0;0;2;12,51087;41,93534;-1;2;Motociclo a solo;In marcia / fermata / arresto;Conducente;M;Rimandato;0;NON DECEDUTO;Non accertato;
3609277;2;20/12/2017 12:31;Strada Urbana;LARGO FORANO;all'intersezione semaforizzata con;VIA ALESSANDRO VESSELLA;VIA ALESSANDRO VESSELLA;;;Scontro frontale fra veicoli in marcia;Intersezione semaforizzata;Una carreggiata a doppio senso;Asciutto;Asfaltata;Verticale ed orizzontale;Sereno;Normale;Buona;Ore Diurne;1;0;0;2;12,51087;41,93534;-1;3;Motociclo a solo;In marcia / fermata / arresto;Conducente;M;Illeso;0;;Non accertato;
3609279;2;20/12/2017 15:40;Strada Urbana;VIA SALARIA;da specificare;;;;pross. v.le Regina Margherita;Tamponamento;Rettilineo;Una carreggiata a doppio senso;Asciutto;Asfaltata;Verticale ed orizzontale;Sereno;Normale;Buona;Ore Diurne;0;0;0;3;12,51783;41,98705;-1;1;Autovettura privata;In marcia / fermata / arresto;Conducente;M;Illeso;0;;Non accertato;Inesploso
3609279;2;20/12/2017 15:40;Strada Urbana;VIA SALARIA;da specificare;;;;pross. v.le Regina Margherita;Tamponamento;Rettilineo;Una carreggiata a doppio senso;Asciutto;Asfaltata;Verticale ed orizzontale;Sereno;Normale;Buona;Ore Diurne;0;0;0;3;12,51783;41,98705;-1;1;Autovettura privata;In marcia / fermata / arresto;Passeggero;M;Illeso;0;;Non accertato;Inesploso
3609279;2;20/12/2017 15:40;Strada Urbana;VIA SALARIA;da specificare;;;;pross. v.le Regina Margherita;Tamponamento;Rettilineo;Una carreggiata a doppio senso;Asciutto;Asfaltata;Verticale ed orizzontale;Sereno;Normale;Buona;Ore Diurne;0;0;0;3;12,51783;41,98705;-1;2;Autovettura privata;In marcia / fermata / arresto;Conducente;M;Illeso;0;;Non accertato;Inesploso
3609280;1;20/12/2017 20:50;Strada Urbana;VIA GALILEI;all'intersezione con;VIA ARIOSTO;VIA ARIOSTO;;;Scontro frontale/laterale SX fra veicoli in marcia;Incrocio;Una carreggiata a senso unico di marcia;Asciutto;Asfaltata;Verticale ed orizzontale;Sereno;Scarso;Sufficiente;Sufficiente;0;0;0;2;12,50406;41,89055;-1;1;Autovettura privata;In marcia / fermata / arresto;Conducente;F;Illeso;0;;Non accertato;Inesploso
3609280;1;20/12/2017 20:50;Strada Urbana;VIA GALILEI;all'intersezione con;VIA ARIOSTO;VIA ARIOSTO;;;Scontro frontale/laterale SX fra veicoli in marcia;Incrocio;Una carreggiata a senso unico di marcia;Asciutto;Asfaltata;Verticale ed orizzontale;Sereno;Scarso;Sufficiente;Sufficiente;0;0;0;2;12,50406;41,89055;-1;2;Autovettura privata;In marcia / fermata / arresto;Conducente;M;Illeso;0;;Non accertato;Inesploso
3609289;3;19/12/2017 11:20;Strada Urbana;VIA CATANIA;all'intersezione con;VIA LUCCA;VIA LUCCA;;;Investimento di pedone;Incrocio;Una carreggiata a doppio senso;Asciutto;Asfaltata;Verticale ed orizzontale;Sereno;Normale;Sufficiente;Ore Diurne;1;0;0;1;12,51813;41,91025;-1;;;;Pedone;F;Ricoverato;0;NON DECEDUTO;;
3609289;3;19/12/2017 11:20;Strada Urbana;VIA CATANIA;all'intersezione con;VIA LUCCA;VIA LUCCA;;;Investimento di pedone;Incrocio;Una carreggiata a doppio senso;Asciutto;Asfaltata;Verticale ed orizzontale;Sereno;Normale;Sufficiente;Ore Diurne;1;0;0;1;12,51813;41,91025;-1;1;Autocarro inferiore 35 q.;In marcia / fermata / arresto;Conducente;M;Illeso;0;;Non accertato;Inesploso
3609291;1;21/12/2017 01:30;Strada Urbana;PIAZZA DELLA ROVERE;da specificare;;;;altezza LUNGO TEVERE GIANICOLENSE;Tamponamento;Rettilineo;Una carreggiata a doppio senso;Asciutto;Asfaltata;Verticale ed orizzontale;Sereno;Scarso;Sufficiente;Sufficiente;0;0;0;2;12,46259;41,89927;-1;1;Autovettura privata;In marcia / fermata / arresto;Conducente;M;Illeso;0;;Non accertato;Inesploso
3609291;1;21/12/2017 01:30;Strada Urbana;PIAZZA DELLA ROVERE;da specificare;;;;altezza LUNGO TEVERE GIANICOLENSE;Tamponamento;Rettilineo;Una carreggiata a doppio senso;Asciutto;Asfaltata;Verticale ed orizzontale;Sereno;Scarso;Sufficiente;Sufficiente;0;0;0;2;12,46259;41,89927;-1;2;Autovettura privata;In marcia / fermata / arresto;Conducente;M;Illeso;0;;Non accertato;Inesploso