Protocollo;Gruppo;DataOraIncidente;Localizzazione1;STRADA1;Localizzazione2;STRADA2;Strada02;Chilometrica;DaSpecificare;NaturaIncidente;particolaritastrade;TipoStrada;FondoStradale;Pavimentazione;Segnaletica;CondizioneAtmosferica;Traffico;Visibilita;Illuminazione;NUM_FERITI;NUM_RISERVATA;NUM_MORTI;NUM_ILLESI;Longitudine;Latitudine;Confermato;Progressivo;TipoVeicolo;StatoVeicolo;TipoPersona;Sesso;Tipolesione;Deceduto;DecedutoDopo;CinturaCascoUtilizzato;Airbag
3616039;2;25/12/2017 01:30;Strada Urbana;VIA SALARIA;da specificare;;;;altezza di P.zza di Priscilla;Scontro laterale fra veicoli in marcia;Rettilineo;Due carreggiate;Asciutto;Asfaltata;Assente;Sereno;Scarso;Sufficiente;Sufficiente;0;0;0;3;12,51783;41,98705;-1;1;Autovettura privata;In marcia / fermata / arresto;Conducente;M;Illeso;0;;Non accertato;Inesploso
3616039;2;25/12/2017 01:30;Strada Urbana;VIA SALARIA;da specificare;;;;altezza di P.zza di Priscilla;Scontro laterale fra veicoli in marcia;Rettilineo;Due carreggiate;Asciutto;Asfaltata;Assente;Sereno;Scarso;Sufficiente;Sufficiente;0;0;0;3;12,51783;41,98705;-1;1;Autovettura privata;In marcia / fermata / arresto;Passeggero;F;Illeso;0;;Non accertato;Inesploso
3616039;2;25/12/2017 01:30;Strada Urbana;VIA SALARIA;da specificare;;;;altezza di P.zza di Priscilla;Scontro laterale fra veicoli in marcia;Rettilineo;Due carreggiate;Asciutto;Asfaltata;Assente;Sereno;Scarso;Sufficiente;Sufficiente;0;0;0;3;12,51783;41,98705;-1;2;Autovettura privata;In marcia / fermata / arresto;Conducente;M;Illeso;0;;Non accertato;Inesploso
3616054;2;26/12/2017 10:35;Strada Urbana;LARGO GIUSEPPE TARTINI;all'intersezione semaforizzata con;VIA GAETANO DONIZETTI;VIA GAETANO DONIZETTI;;;Tamponamento;Intersezione semaforizzata;Due carreggiate;Asciutto;Asfaltata;Verticale ed orizzontale;Nuvoloso;Scarso;Buona;Ore Diurne;0;0;0;3;12,49476;41,91639;-1;1;Autovettura privata;In marcia / fermata / arresto;Conducente;M;Illeso;0;;;
3616054;2;26/12/2017 10:35;Strada Urbana;LARGO GIUSEPPE TARTINI;all'intersezione semaforizzata con;VIA GAETANO DONIZETTI;VIA GAETANO DONIZETTI;;;Tamponamento;Intersezione semaforizzata;Due carreggiate;Asciutto;Asfaltata;Verticale ed orizzontale;Nuvoloso;Scarso;Buona;Ore Diurne;0;0;0;3;12,49476;41,91639;-1;1;Autovettura privata;In marcia / fermata / arresto;Passeggero;F;Illeso;0;;;
3616054;2;26/12/2017 10:35;Strada Urbana;LARGO GIUSEPPE TARTINI;all'intersezione semaforizzata con;VIA GAETANO DONIZETTI;VIA GAETANO DONIZETTI;;;Tamponamento;Intersezione semaforizzata;Due carreggiate;Asciutto;Asfaltata;Verticale ed orizzontale;Nuvoloso;Scarso;Buona;Ore Diurne;0;0;0;3;12,49476;41,91639;-1;1;Autovettura privata;In marcia / fermata / arresto;Passeggero;M;Illeso;0;;;
3616057;6;27/12/2017 10:10;Strada Urbana;VIALE DELLA PRIMAVERA;in prossimità;;del civico n.;219;;Investimento di pedone;Rettilineo;Più di due carreggiate;Bagnato (pioggia);Asfaltata;Verticale ed orizzontale;Pioggia in atto;Normale;Buona;Ore Diurne;1;0;0;2;12,5609;41,88165;-1;;;;Pedone;F;Rimandato;0;NON DECEDUTO;;
3616057;6;27/12/2017 10:10;Strada Urbana;VIALE DELLA PRIMAVERA;in prossimità;;del civico n.;219;;Investimento di pedone;Rettilineo;Più di due carreggiate;Bagnato (pioggia);Asfaltata;Verticale ed orizzontale;Pioggia in atto;Normale;Buona;Ore Diurne;1;0;0;2;12,5609;41,88165;-1;1;Autovettura privata;In marcia / fermata / arresto;Conducente;M;Illeso;0;;Non accertato;Inesploso
3616057;6;27/12/2017 10:10;Strada Urbana;VIALE DELLA PRIMAVERA;in prossimità;;del civico n.;219;;Investimento di pedone;Rettilineo;Più di due carreggiate;Bagnato (pioggia);Asfaltata;Verticale ed orizzontale;Pioggia in atto;Normale;Buona;Ore Diurne;1;0;0;2;12,5609;41,88165;-1;1;Autovettura privata;In marcia / fermata / arresto;Passeggero;M;Illeso;0;;Non accertato;Inesploso
3616093;16;24/12/2017 05:30;Strada Urbana;VIA DI MONTE VERDE;in corrispondenza;;del civico n.;57/a;;Veicolo in marcia contro veicoli in sosta;Rettilineo;Una carreggiata a doppio senso;Asciutto;Asfaltata;Verticale ed orizzontale;Sereno;Scarso;Buona;Sufficiente;1;0;0;1;12,44734;41,87015;-1;1;Autovettura privata;In marcia / fermata / arresto;Passeggero;M;Illeso;0;;Non accertato;
3616093;16;24/12/2017 05:30;Strada Urbana;VIA DI MONTE VERDE;in corrispondenza;;del civico n.;57/a;;Veicolo in marcia contro veicoli in sosta;Rettilineo;Una carreggiata a doppio senso;Asciutto;Asfaltata;Verticale ed orizzontale;Sereno;Scarso;Buona;Sufficiente;1;0;0;1;12,44734;41,87015;-1;1;Autovettura privata;In marcia / fermata / arresto;Conducente;F;Rimandato;0;NON DECEDUTO;Non accertato;
3616095;17;26/12/2017 23:10;Strada Urbana;VIA ORAZIO;all'intersezione con;VIA CASSIODORO;VIA CASSIODORO;;;Scontro frontale/laterale DX fra veicoli in marcia;Incrocio;Una carreggiata a senso unico di marcia;Bagnato (pioggia);Asfaltata;Verticale ed orizzontale;Nuvoloso;Scarso;Sufficiente;Sufficiente;0;0;0;3;12,46657;41,90681;-1;1;Autovettura privata;In marcia / fermata / arresto;Conducente;M;Illeso;0;;;
3616095;17;26/12/2017 23:10;Strada Urbana;VIA ORAZIO;all'intersezione con;VIA CASSIODORO;VIA CASSIODORO;;;Scontro frontale/laterale DX fra veicoli in marcia;Incrocio;Una carreggiata a senso unico di marcia;Bagnato (pioggia);Asfaltata;Verticale ed orizzontale;Nuvoloso;Scarso;Sufficiente;Sufficiente;0;0;0;3;12,46657;41,90681;-1;2;Autovettura privata;In marcia / fermata / arresto;Conducente;F;Illeso;0;;Non accertato;Inesploso
3616095;17;26/12/2017 23:10;Strada Urbana;VIA ORAZIO;all'intersezione con;VIA CASSIODORO;VIA CASSIODORO;;;Scontro frontale/laterale DX fra veicoli in marcia;Incrocio;Una carreggiata a senso unico di marcia;Bagnato (pioggia);Asfaltata;Verticale ed orizzontale;Nuvoloso;Scarso;Sufficiente;Sufficiente;0;0;0;3;12,46657;41,90681;-1;2;Autovettura privata;In marcia / fermata / arresto;Passeggero;M;Illeso;0;;;
3616113;10;26/12/2017 19:15;Strada Urbana;LARGO SPARTACO;all'intersezione con;VIA LUCIO ELIO SEIANO;VIA LUCIO ELIO SEIANO;;;Investimento di pedone;Incrocio;Una carreggiata a senso unico di marcia;Bagnato (pioggia);Asfaltata;Orizzontale;Pioggia in atto;Scarso;Sufficiente;Sufficiente;1;0;0;2;12,55974;41,85543;-1;;;;Pedone;M;Rimandato;0;NON DECEDUTO;;
3616113;10;26/12/2017 19:15;Strada Urbana;LARGO SPARTACO;all'intersezione con;VIA LUCIO ELIO SEIANO;VIA LUCIO ELIO SEIANO;;;Investimento di pedone;Incrocio;Una carreggiata a senso unico di marcia;Bagnato (pioggia);Asfaltata;Orizzontale;Pioggia in atto;Scarso;Sufficiente;Sufficiente;1;0;0;2;12,55974;41,85543;-1;1;Autovettura privata;In marcia / fermata / arresto;Conducente;M;Illeso;0;;Non accertato;Inesploso
3616113;10;26/12/2017 19:15;Strada Urbana;LARGO SPARTACO;all'intersezione con;VIA LUCIO ELIO SEIANO;VIA LUCIO ELIO SEIANO;;;Investimento di pedone;Incrocio;Una carreggiata a senso unico di marcia;Bagnato (pioggia);Asfaltata;Orizzontale;Pioggia in atto;Scarso;Sufficiente;Sufficiente;1;0;0;2;12,55974;41,85543;-1;1;Autovettura privata;In marcia / fermata / arresto;Passeggero;F;Illeso;0;;Utilizzato;Inesploso
3616121;10;26/12/2017 22:00;Strada Urbana;VIA ANAGNINA;da specificare;;;;prox via dell'Acqua Acetosa Anagnina;Tamponamento;Rettilineo;Due carreggiate;Bagnato (pioggia);Asfaltata;Verticale ed orizzontale;Nuvoloso;Scarso;Sufficiente;Sufficiente;1;0;0;4;12,62005;41,81437;-1;1;Autovettura privata;In marcia / fermata / arresto;Conducente;M;Rifiuta cure immediate;0;NON DECEDUTO;Non accertato;Inesploso
3616121;10;26/12/2017 22:00;Strada Urbana;VIA ANAGNINA;da specificare;;;;prox via dell'Acqua Acetosa Anagnina;Tamponamento;Rettilineo;Due carreggiate;Bagnato (pioggia);Asfaltata;Verticale ed orizzontale;Nuvoloso;Scarso;Sufficiente;Sufficiente;1;0;0;4;12,62005;41,81437;-1;1;Autovettura privata;In marcia / fermata / arresto;Passeggero;F;Illeso;0;;Non accertato;Inesploso
3616121;10;26/12/2017 22:00;Strada Urbana;VIA ANAGNINA;da specificare;;;;prox via dell'Acqua Acetosa Anagnina;Tamponamento;Rettilineo;Due carreggiate;Bagnato (pioggia);Asfaltata;Verticale ed orizzontale;Nuvoloso;Scarso;Sufficiente;Sufficiente;1;0;0;4;12,62005;41,81437;-1;1;Autovettura privata;In marcia / fermata / arresto;Passeggero;F;Illeso;0;;Non accertato;Inesploso
3616121;10;26/12/2017 22:00;Strada Urbana;VIA ANAGNINA;da specificare;;;;prox via dell'Acqua Acetosa Anagnina;Tamponamento;Rettilineo;Due carreggiate;Bagnato (pioggia);Asfaltata;Verticale ed orizzontale;Nuvoloso;Scarso;Sufficiente;Sufficiente;1;0;0;4;12,62005;41,81437;-1;2;Autovettura privata;In marcia / fermata / arresto;Conducente;M;Illeso;0;;Utilizzato;Inesploso
3616121;10;26/12/2017 22:00;Strada Urbana;VIA ANAGNINA;da specificare;;;;prox via dell'Acqua Acetosa Anagnina;Tamponamento;Rettilineo;Due carreggiate;Bagnato (pioggia);Asfaltata;Verticale ed orizzontale;Nuvoloso;Scarso;Sufficiente;Sufficiente;1;0;0;4;12,62005;41,81437;-1;2;Autovettura privata;In marcia / fermata / arresto;Passeggero;M;Illeso;0;;Non accertato;Inesploso
3616134;2;26/12/2017 18:50;Strada Urbana;VIA TAGLIAMENTO;da specificare;;;;ALTEZZA VIA RUBICONE;Veicolo in marcia contro veicolo fermo;Rettilineo;Una carreggiata a doppio senso;Bagnato (pioggia);Asfaltata;Verticale ed orizzontale;Pioggia in atto;Scarso;Buona;Sufficiente;0;0;0;4;12,50176;41,91923;-1;1;Autovettura privata;In marcia / fermata / arresto;Conducente;M;Illeso;0;;;
3616134;2;26/12/2017 18:50;Strada Urbana;VIA TAGLIAMENTO;da specificare;;;;ALTEZZA VIA RUBICONE;Veicolo in marcia contro veicolo fermo;Rettilineo;Una carreggiata a doppio senso;Bagnato (pioggia);Asfaltata;Verticale ed orizzontale;Pioggia in atto;Scarso;Buona;Sufficiente;0;0;0;4;12,50176;41,91923;-1;2;Autovettura privata;In marcia / fermata / arresto;Conducente;F;Illeso;0;;;
3616134;2;26/12/2017 18:50;Strada Urbana;VIA TAGLIAMENTO;da specificare;;;;ALTEZZA VIA RUBICONE;Veicolo in marcia contro veicolo fermo;Rettilineo;Una carreggiata a doppio senso;Bagnato (pioggia);Asfaltata;Verticale ed orizzontale;Pioggia in atto;Scarso;Buona;Sufficiente;0;0;0;4;12,50176;41,91923;-1;2;Autovettura privata;In marcia / fermata / arresto;Passeggero;F;Illeso;0;;;
3616134;2;26/12/2017 18:50;Strada Urbana;VIA TAGLIAMENTO;da specificare;;;;ALTEZZA VIA RUBICONE;Veicolo in marcia contro veicolo fermo;Rettilineo;Una carreggiata a doppio senso;Bagnato (pioggia);Asfaltata;Verticale ed orizzontale;Pioggia in atto;Scarso;Buona;Sufficiente;0;0;0;4;12,50176;41,91923;-1;2;Autovettura privata;In marcia / fermata / arresto;Passeggero;F;Illeso;0;;;
3616142;10;27/12/2017 11:40;Strada Urbana;VIA ANAGNINA;da specificare;;;;in prossimità di via Cropani dir. Rm;Scontro laterale fra veicoli in marcia;Rettilineo;Una carreggiata a senso unico di marcia;Bagnato (pioggia);Asfaltata;Orizzontale;Pioggia in atto;Normale;Buona;Ore Diurne;0;0;0;3;12,59834;41,82967;-1;1;Autovettura privata;In marcia / fermata / arresto;Conducente;F;Illeso;0;;Non accertato;Inesploso
3616142;10;27/12/2017 11:40;Strada Urbana;VIA ANAGNINA;da specificare;;;;in prossimità di via Cropani dir. Rm;Scontro laterale fra veicoli in marcia;Rettilineo;Una carreggiata a senso unico di marcia;Bagnato (pioggia);Asfaltata;Orizzontale;Pioggia in atto;Normale;Buona;Ore Diurne;0;0;0;3;12,59834;41,82967;-1;2;Autovettura privata;In marcia / fermata / arresto;Conducente;M;Illeso;0;;Non accertato;Inesploso
3616142;10;27/12/2017 11:40;Strada Urbana;VIA ANAGNINA;da specificare;;;;in prossimità di via Cropani dir. Rm;Scontro laterale fra veicoli in marcia;Rettilineo;Una carreggiata a senso unico di marcia;Bagnato (pioggia);Asfaltata;Orizzontale;Pioggia in atto;Normale;Buona;Ore Diurne;0;0;0;3;12,59834;41,82967;-1;2;Autovettura privata;In marcia / fermata / arresto;Passeggero;F;Illeso;0;;Non accertato;Inesploso
3616229;4;25/12/2017 17:15;Strada Urbana;VIA UGO OJETTI;in corrispondenza;;del civico n.;23;;Investimento di pedone;Rettilineo;Due carreggiate;Asciutto;Asfaltata;Verticale ed orizzontale;Sereno;Normale;Sufficiente;Ore Diurne;1;0;0;3;12,54881;41,94416;-1;;;;Pedone;M;Rimandato;0;NON DECEDUTO;;
3616229;4;25/12/2017 17:15;Strada Urbana;VIA UGO OJETTI;in corrispondenza;;del civico n.;23;;Investimento di pedone;Rettilineo;Due carreggiate;Asciutto;Asfaltata;Verticale ed orizzontale;Sereno;Normale;Sufficiente;Ore Diurne;1;0;0;3;12,54881;41,94416;-1;1;Autovettura privata;In marcia / fermata / arresto;Conducente;M;Illeso;0;;Non accertato;Inesploso
3616229;4;25/12/2017 17:15;Strada Urbana;VIA UGO OJETTI;in corrispondenza;;del civico n.;23;;Investimento di pedone;Rettilineo;Due carreggiate;Asciutto;Asfaltata;Verticale ed orizzontale;Sereno;Normale;Sufficiente;Ore Diurne;1;0;0;3;12,54881;41,94416;-1;1;Autovettura privata;In marcia / fermata / arresto;Passeggero;F;Illeso;0;;Non accertato;
3616229;4;25/12/2017 17:15;Strada Urbana;VIA UGO OJETTI;in corrispondenza;;del civico n.;23;;Investimento di pedone;Rettilineo;Due carreggiate;Asciutto;Asfaltata;Verticale ed orizzontale;Sereno;Normale;Sufficiente;Ore Diurne;1;0;0;3;12,54881;41,94416;-1;1;Autovettura privata;In marcia / fermata / arresto;Passeggero;F;Illeso;0;;;
3616268;4;26/12/2017 01:47;Strada Urbana;VIA ISIDORO DEL LUNGO;in prossimità;;del civico n.;46;;Veicolo in marcia contro veicoli in sosta;Rettilineo;Una carreggiata a senso unico di marcia;Asciutto;Asfaltata;Verticale ed orizzontale;Sereno;Scarso;Sufficiente;Sufficiente;0;0;0;2;12,55736;41,94413;-1;1;Autovettura privata;In marcia / fermata / arresto;Conducente;F;Illeso;0;;;
3616268;4;26/12/2017 01:47;Strada Urbana;VIA ISIDORO DEL LUNGO;in prossimità;;del civico n.;46;;Veicolo in marcia contro veicoli in sosta;Rettilineo;Una carreggiata a senso unico di marcia;Asciutto;Asfaltata;Verticale ed orizzontale;Sereno;Scarso;Sufficiente;Sufficiente;0;0;0;2;12,55736;41,94413;-1;1;Autovettura privata;In marcia / fermata / arresto;Passeggero;F;Illeso;0;;;
3616270;4;26/12/2017 00:30;Strada Urbana;VIA CIMONE;in prossimità;;del civico n.;129;;Veicolo in marcia contro ostacolo fisso;Rettilineo;Una carreggiata a senso unico di marcia;Asciutto;Asfaltata;Verticale ed orizzontale;Sereno;Scarso;Sufficiente;Sufficiente;0;0;0;5;12,53755;41,93132;-1;;;;Pedone;M;Illeso;0;;;
3616270;4;26/12/2017 00:30;Strada Urbana;VIA CIMONE;in prossimità;;del civico n.;129;;Veicolo in marcia contro ostacolo fisso;Rettilineo;Una carreggiata a senso unico di marcia;Asciutto;Asfaltata;Verticale ed orizzontale;Sereno;Scarso;Sufficiente;Sufficiente;0;0;0;5;12,53755;41,93132;-1;1;Autovettura privata;In marcia / fermata / arresto;Conducente;M;Illeso;0;;Non accertato;
3616270;4;26/12/2017 00:30;Strada Urbana;VIA CIMONE;in prossimità;;del civico n.;129;;Veicolo in marcia contro ostacolo fisso;Rettilineo;Una carreggiata a senso unico di marcia;Asciutto;Asfaltata;Verticale ed orizzontale;Sereno;Scarso;Sufficiente;Sufficiente;0;0;0;5;12,53755;41,93132;-1;1;Autovettura privata;In marcia / fermata / arresto;Passeggero;F;Illeso;0;;Non accertato;
3616270;4;26/12/2017 00:30;Strada Urbana;VIA CIMONE;in prossimità;;del civico n.;129;;Veicolo in marcia contro ostacolo fisso;Rettilineo;Una carreggiata a senso unico di marcia;Asciutto;Asfaltata;Verticale ed orizzontale;Sereno;Scarso;Sufficiente;Sufficiente;0;0;0;5;12,53755;41,93132;-1;1;Autovettura privata;In marcia / fermata / arresto;Passeggero;M;Illeso;0;;Non accertato;
3616272;2;27/12/2017 02:00;Strada Urbana;VIA DEI PRATI FISCALI;in prossimità;;del civico n.;15;;Scontro frontale/laterale SX fra veicoli in marcia;Rettilineo;Due carreggiate;Bagnato (pioggia);Asfaltata;Verticale ed orizzontale;Pioggia in atto;Scarso;Sufficiente;Sufficiente;0;0;0;3;12,52407;41,94587;-1;1;Autovettura privata;In marcia / fermata / arresto;Conducente;M;Illeso;0;;Non accertato;Esploso
3616272;2;27/12/2017 02:00;Strada Urbana;VIA DEI PRATI FISCALI;in prossimità;;del civico n.;15;;Scontro frontale/laterale SX fra veicoli in marcia;Rettilineo;Due carreggiate;Bagnato (pioggia);Asfaltata;Verticale ed orizzontale;Pioggia in atto;Scarso;Sufficiente;Sufficiente;0;0;0;3;12,52407;41,94587;-1;2;Autovettura privata;In marcia / fermata / arresto;Conducente;M;Illeso;0;;Non accertato;Inesploso
3616272;2;27/12/2017 02:00;Strada Urbana;VIA DEI PRATI FISCALI;in prossimità;;del civico n.;15;;Scontro frontale/laterale SX fra veicoli in marcia;Rettilineo;Due carreggiate;Bagnato (pioggia);Asfaltata;Verticale ed orizzontale;Pioggia in atto;Scarso;Sufficiente;Sufficiente;0;0;0;3;12,52407;41,94587;-1;2;Autovettura privata;In marcia / fermata / arresto;Passeggero;F;Illeso;0;;Non accertato;Inesploso
3616285;7;25/12/2017 02:00;Statale entro l'abitato;VIA CASILINA;all'intersezione semaforizzata con;VIALE PALMIRO TOGLIATTI;VIALE PALMIRO TOGLIATTI;;;Tamponamento;Intersezione semaforizzata;Due carreggiate;Asciutto;Asfaltata;Verticale ed orizzontale;Nuvoloso;Normale;Sufficiente;Sufficiente;0;0;0;4;12,5698;41,87401;-1;1;Autovettura privata;In marcia / fermata / arresto;Conducente;M;Illeso;0;;Non accertato;Inesploso
3616285;7;25/12/2017 02:00;Statale entro l'abitato;VIA CASILINA;all'intersezione semaforizzata con;VIALE PALMIRO TOGLIATTI;VIALE PALMIRO TOGLIATTI;;;Tamponamento;Intersezione semaforizzata;Due carreggiate;Asciutto;Asfaltata;Verticale ed orizzontale;Nuvoloso;Normale;Sufficiente;Sufficiente;0;0;0;4;12,5698;41,87401;-1;1;Autovettura privata;In marcia / fermata / arresto;Passeggero;M;Illeso;0;;Non accertato;Inesploso
3616285;7;25/12/2017 02:00;Statale entro l'abitato;VIA CASILINA;all'intersezione semaforizzata con;VIALE PALMIRO TOGLIATTI;VIALE PALMIRO TOGLIATTI;;;Tamponamento;Intersezione semaforizzata;Due carreggiate;Asciutto;Asfaltata;Verticale ed orizzontale;Nuvoloso;Normale;Sufficiente;Sufficiente;0;0;0;4;12,5698;41,87401;-1;2;Autovettura privata;In marcia / fermata / arresto;Conducente;M;Illeso;0;;Non accertato;Inesploso
3616287;10;27/12/2017 14:15;Strada Urbana;VIALE BRUNO PELIZZI;in prossimità;;del civico n.;67;;Veicolo in marcia contro veicolo in sosta;Curva senza visuale libera;Una carreggiata a senso unico di marcia;Bagnato (pioggia);Asfaltata;Assente;Pioggia in atto;Scarso;Buona;Ore Diurne;0;0;0;1;12,5834;41,85686;-1;1;Autovettura privata;In marcia / fermata / arresto;Conducente;M;Illeso;0;;;
3616296;4;26/12/2017 06:45;Provinciale;VIA NOMENTANA;in corrispondenza;;del civico n.;1385;;Scontro frontale/laterale SX fra veicoli in marcia;Rettilineo;Una carreggiata a doppio senso;Asciutto;Asfaltata;Verticale ed orizzontale;Nuvoloso;Normale;Buona;Ore Diurne;0;0;0;2;12,60331;41,96851;-1;1;Autovettura privata;In marcia / fermata / arresto;Conducente;M;Illeso;0;;;
3616296;4;26/12/2017 06:45;Provinciale;VIA NOMENTANA;in corrispondenza;;del civico n.;1385;;Scontro frontale/laterale SX fra veicoli in marcia;Rettilineo;Una carreggiata a doppio senso;Asciutto;Asfaltata;Verticale ed orizzontale;Nuvoloso;Normale;Buona;Ore Diurne;0;0;0;2;12,60331;41,96851;-1;2;Autovettura privata;In marcia / fermata / arresto;Conducente;M;Illeso;0;;;
3616313;20;27/12/2017 13:00;Regionale entro l'abitato;VIA FLAMINIA;da specificare;;;;pross. via dei Due Ponti;Fuoriuscita dalla sede stradale;Curva a visuale libera;Due carreggiate;Bagnato (pioggia);Asfaltata;Verticale ed orizzontale;Pioggia in atto;Normale;Buona;Ore Diurne;0;0;0;1;12,47183;41,94192;-1;1;Autovettura privata;In marcia / fermata / arresto;Conducente;F;Illeso;0;;Non accertato;Inesploso
3616314;19;27/12/2017 00:30;Strada Urbana;PIAZZA STEFANO JACINI;in prossimità;;del civico n.;26;;Investimento di pedone;Rettilineo;Una carreggiata a doppio senso;Bagnato (pioggia);Asfaltata;Verticale ed orizzontale;Pioggia in atto;Normale;Buona;Sufficiente;1;0;0;1;12,46615;41,9499;-1;;;;Pedone;F;Rimandato;0;NON DECEDUTO;;
3616314;19;27/12/2017 00:30;Strada Urbana;PIAZZA STEFANO JACINI;in prossimità;;del civico n.;26;;Investimento di pedone;Rettilineo;Una carreggiata a doppio senso;Bagnato (pioggia);Asfaltata;Verticale ed orizzontale;Pioggia in atto;Normale;Buona;Sufficiente;1;0;0;1;12,46615;41,9499;-1;1;Autovettura privata;In marcia / fermata / arresto;Conducente;F;Illeso;0;;Non accertato;
3616315;13;27/12/2017 14:15;Strada Urbana;VIA DEL LIDO DI CASTELPORZIANO;da specificare;;;;altezza di Via di Castel Castelporziano;Veicolo in marcia contro ostacolo accidentale;Rettilineo;Una carreggiata a doppio senso;Bagnato (pioggia);Asfaltata;Assente;Pioggia in atto;Scarso;Buona;Ore Diurne;0;0;0;1;12,35069;41,71813;-1;1;Autovettura privata;In marcia / fermata / arresto;Conducente;M;Illeso;0;;Non accertato;Inesploso
3616336;4;26/12/2017 10:45;Strada Urbana;VIA INCISA IN VAL D'ARNO;all'intersezione con;VIA RADICOFANI;VIA RADICOFANI;;;Scontro frontale/laterale DX fra veicoli in marcia;Incrocio;Una carreggiata a doppio senso;Asciutto;Asfaltata;Verticale ed orizzontale;Nuvoloso;Normale;Buona;Ore Diurne;0;0;0;3;12,50901;41,97907;-1;1;Autovettura privata;In marcia / fermata / arresto;Conducente;M;Illeso;0;;;
3616336;4;26/12/2017 10:45;Strada Urbana;VIA INCISA IN VAL D'ARNO;all'intersezione con;VIA RADICOFANI;VIA RADICOFANI;;;Scontro frontale/laterale DX fra veicoli in marcia;Incrocio;Una carreggiata a doppio senso;Asciutto;Asfaltata;Verticale ed orizzontale;Nuvoloso;Normale;Buona;Ore Diurne;0;0;0;3;12,50901;41,97907;-1;1;Autovettura privata;In marcia / fermata / arresto;Passeggero;F;Illeso;0;;;
3616336;4;26/12/2017 10:45;Strada Urbana;VIA INCISA IN VAL D'ARNO;all'intersezione con;VIA RADICOFANI;VIA RADICOFANI;;;Scontro frontale/laterale DX fra veicoli in marcia;Incrocio;Una carreggiata a doppio senso;Asciutto;Asfaltata;Verticale ed orizzontale;Nuvoloso;Normale;Buona;Ore Diurne;0;0;0;3;12,50901;41,97907;-1;2;Autovettura privata;In marcia / fermata / arresto;Conducente;M;Illeso;0;;;
3616337;17;27/12/2017 11:30;Strada Urbana;VIA DELLA CONCILIAZIONE;all'intersezione con;VIA RUSTICUCCI;VIA RUSTICUCCI;;;Investimento di pedone;Incrocio;Più di due carreggiate;Bagnato (pioggia);In cubetti di porfido;Assente;Pioggia in atto;Scarso;Buona;Ore Diurne;0;0;0;2;12,46168;41,90219;0;;;;Pedone;M;Illeso;0;;;
3616337;17;27/12/2017 11:30;Strada Urbana;VIA DELLA CONCILIAZIONE;all'intersezione con;VIA RUSTICUCCI;VIA RUSTICUCCI;;;Investimento di pedone;Incrocio;Più di due carreggiate;Bagnato (pioggia);In cubetti di porfido;Assente;Pioggia in atto;Scarso;Buona;Ore Diurne;0;0;0;2;12,46168;41,90219;0;1;Autovettura privata;In marcia / fermata / arresto;Conducente;M;Illeso;0;;;
3616339;20;27/12/2017 13:40;Regionale entro l'abitato;VIA FLAMINIA;da specificare;;;;pross. via dei Due Ponti;Veicolo in marcia contro veicolo fermo;Curva a visuale libera;Due carreggiate;Bagnato (pioggia);Asfaltata;Verticale ed orizzontale;Pioggia in atto;Normale;Buona;Ore Diurne;0;0;0;2;12,47183;41,94192;-1;1;Autovettura privata;In marcia / fermata / arresto;Conducente;F;Illeso;0;;Non accertato;Inesploso
3616339;20;27/12/2017 13:40;Regionale entro l'abitato;VIA FLAMINIA;da specificare;;;;pross. via dei Due Ponti;Veicolo in marcia contro veicolo fermo;Curva a visuale libera;Due carreggiate;Bagnato (pioggia);Asfaltata;Verticale ed orizzontale;Pioggia in atto;Normale;Buona;Ore Diurne;0;0;0;2;12,47183;41,94192;-1;2;Autovettura privata;In marcia / fermata / arresto;Conducente;F;Illeso;0;;Non accertato;Inesploso
3616349;7;24/12/2017 12:50;Strada Urbana;VIALE DELLE ORCHIDEE;all'intersezione con;VIA DEI GELSI;VIA DEI GELSI;;;Scontro frontale/laterale DX fra veicoli in marcia;Incrocio;Due carreggiate;Asciutto;Asfaltata;Verticale ed orizzontale;Nebbia;Intenso;Buona;Ore Diurne;0;0;0;3;12,5693;41,8893;-1;1;Autovettura privata;In marcia / fermata / arresto;Conducente;M;Illeso;0;;Non accertato;Inesploso
3616349;7;24/12/2017 12:50;Strada Urbana;VIALE DELLE ORCHIDEE;all'intersezione con;VIA DEI GELSI;VIA DEI GELSI;;;Scontro frontale/laterale DX fra veicoli in marcia;Incrocio;Due carreggiate;Asciutto;Asfaltata;Verticale ed orizzontale;Nebbia;Intenso;Buona;Ore Diurne;0;0;0;3;12,5693;41,8893;-1;2;Autovettura privata;In marcia / fermata / arresto;Conducente;M;Illeso;0;;Non accertato;Inesploso
3616349;7;24/12/2017 12:50;Strada Urbana;VIALE DELLE ORCHIDEE;all'intersezione con;VIA DEI GELSI;VIA DEI GELSI;;;Scontro frontale/laterale DX fra veicoli in marcia;Incrocio;Due carreggiate;Asciutto;Asfaltata;Verticale ed orizzontale;Nebbia;Intenso;Buona;Ore Diurne;0;0;0;3;12,5693;41,8893;-1;2;Autovettura privata;In marcia / fermata / arresto;Passeggero;M;Illeso;0;;Non accertato;Inesploso
3616350;7;25/12/2017 20:45;Strada Urbana;VIA TOR DE' SCHIAVI;all'intersezione con;VIA DEI GELSI;VIA DEI GELSI;;;Scontro frontale/laterale DX fra veicoli in marcia;Incrocio;Una carreggiata a doppio senso;Asciutto;Asfaltata;Verticale ed orizzontale;Sereno;Scarso;Buona;Sufficiente;5;0;0;2;12,56278;41,88494;-1;1;Autovettura privata;In marcia / fermata / arresto;Conducente;F;Illeso;0;;Non accertato;Inesploso