Protocollo;Gruppo;DataOraIncidente;Localizzazione1;STRADA1;Localizzazione2;STRADA2;Strada02;Chilometrica;DaSpecificare;NaturaIncidente;particolaritastrade;TipoStrada;FondoStradale;Pavimentazione;Segnaletica;CondizioneAtmosferica;Traffico;Visibilita;Illuminazione;NUM_FERITI;NUM_RISERVATA;NUM_MORTI;NUM_ILLESI;Longitudine;Latitudine;Confermato;Progressivo;TipoVeicolo;StatoVeicolo;TipoPersona;Sesso;Tipolesione;Deceduto;DecedutoDopo;CinturaCascoUtilizzato;Airbag
3619872;17;30/12/2017 02:10;Strada Urbana;VIA GIORDANO BRUNO;all'intersezione con;VIA BERNARDINO TELESIO;VIA BERNARDINO TELESIO;;;Scontro laterale fra veicoli in marcia;Incrocio;Una carreggiata a senso unico di marcia;Asciutto;Asfaltata;Verticale ed orizzontale;Sereno;Scarso;Sufficiente;Sufficiente;0;0;0;3;12,45235;41,91162;-1;2;Autovettura privata;In marcia / fermata / arresto;Conducente;M;Illeso;0;;;
3619889;17;30/12/2017 04:00;Strada Urbana;LUNGOTEVERE PRATI;da specificare;;;;SOTTOPASSO S.N.C;Veicolo in marcia contro ostacolo fisso;Sottopasso illuminato;Una carreggiata a senso unico di marcia;Asciutto;Asfaltata;Verticale ed orizzontale;Sereno;Normale;Sufficiente;Sufficiente;0;0;0;1;12,47341;41,90494;-1;1;Autovettura privata;In marcia / fermata / arresto;Conducente;M;Illeso;0;;Non accertato;Inesploso
3619939;20;29/12/2017 16:30;Strada Urbana;CORSO DI FRANCIA;all'intersezione semaforizzata con;VIA BARTOLOMEO GOSIO;VIA BARTOLOMEO GOSIO;;;Tamponamento;Intersezione semaforizzata;Una carreggiata a senso unico di marcia;Asciutto;Asfaltata;Verticale ed orizzontale;Sereno;Normale;Buona;Sufficiente;0;0;0;2;12,47105;41,94055;-1;1;Autovettura privata;In marcia / fermata / arresto;Conducente;M;Illeso;0;;Non accertato;Inesploso
3619939;20;29/12/2017 16:30;Strada Urbana;CORSO DI FRANCIA;all'intersezione semaforizzata con;VIA BARTOLOMEO GOSIO;VIA BARTOLOMEO GOSIO;;;Tamponamento;Intersezione semaforizzata;Una carreggiata a senso unico di marcia;Asciutto;Asfaltata;Verticale ed orizzontale;Sereno;Normale;Buona;Sufficiente;0;0;0;2;12,47105;41,94055;-1;2;Autovettura privata;In marcia / fermata / arresto;Conducente;M;Illeso;0;;Non accertato;Inesploso
3619947;20;29/12/2017 19:20;Statale entro l'abitato;PIAZZA DELLA VISIONE;in prossimità;;del civico n.;16;;Investimento di pedone;Rettilineo;Una carreggiata a doppio senso;Asciutto;Asfaltata;Verticale ed orizzontale;Sereno;Normale;Sufficiente;Sufficiente;0;0;0;2;12,38256;42,00288;-1;;;;Pedone;M;Illeso;0;;;
3619947;20;29/12/2017 19:20;Statale entro l'abitato;PIAZZA DELLA VISIONE;in prossimità;;del civico n.;16;;Investimento di pedone;Rettilineo;Una carreggiata a doppio senso;Asciutto;Asfaltata;Verticale ed orizzontale;Sereno;Normale;Sufficiente;Sufficiente;0;0;0;2;12,38256;42,00288;-1;1;Autovettura privata;In marcia / fermata / arresto;Conducente;M;Illeso;0;;Non accertato;Inesploso
3619959;23;29/12/2017 11:40;Strada Urbana;VIA DEI PONTEFICI;in corrispondenza;;del civico n.;7;;Veicolo in marcia contro veicolo in sosta;Rettilineo;Una carreggiata a senso unico di marcia;Asciutto;Asfaltata;Verticale ed orizzontale;Sereno;Scarso;Buona;Ore Diurne;0;0;0;1;12,47741;41,90649;-1;1;Autovettura privata;In marcia / fermata / arresto;Conducente;F;Illeso;0;;Utilizzato;Inesploso
3619961;20;29/12/2017 15:00;Strada Urbana;VIA CASSIA;in corrispondenza;;del civico n.;1450;;Scontro laterale fra veicoli in marcia;Rettilineo;Una carreggiata a doppio senso;Asciutto;Asfaltata;Verticale ed orizzontale;Sereno;Normale;Buona;Ore Diurne;0;0;0;2;12,37974;42,00717;-1;1;Autovettura privata;In marcia / fermata / arresto;Conducente;M;Illeso;0;;Non accertato;Inesploso
3619961;20;29/12/2017 15:00;Strada Urbana;VIA CASSIA;in corrispondenza;;del civico n.;1450;;Scontro laterale fra veicoli in marcia;Rettilineo;Una carreggiata a doppio senso;Asciutto;Asfaltata;Verticale ed orizzontale;Sereno;Normale;Buona;Ore Diurne;0;0;0;2;12,37974;42,00717;-1;2;Motociclo a solo;In marcia / fermata / arresto;Conducente;M;Illeso;0;;Non accertato;
3619977;17;30/12/2017 10:00;Strada Urbana;VIA COLA DI RIENZO;in corrispondenza;;del civico n.;195;;Veicolo in marcia contro ostacolo accidentale;Rettilineo;Una carreggiata a doppio senso;Asciutto;In cubetti di porfido;Verticale ed orizzontale;Nuvoloso;Normale;Buona;Ore Diurne;0;0;0;1;;;0;1;Motociclo a solo;In marcia / fermata / arresto;Conducente;F;Illeso;0;;Non accertato;
3620230;6;30/12/2017 12:35;Strada Urbana;VIA DEGLI ANGELI;all'intersezione con;VIA DEI CICERI;VIA DEI CICERI;;;Veicolo in marcia contro veicolo arresto;Incrocio;Una carreggiata a doppio senso;Asciutto;Asfaltata;Verticale ed orizzontale;Nuvoloso;Normale;Buona;Ore Diurne;0;0;0;2;12,54743;41,87249;-1;1;Autovettura privata;In marcia / fermata / arresto;Conducente;M;Illeso;0;;Non accertato;Inesploso
3620230;6;30/12/2017 12:35;Strada Urbana;VIA DEGLI ANGELI;all'intersezione con;VIA DEI CICERI;VIA DEI CICERI;;;Veicolo in marcia contro veicolo arresto;Incrocio;Una carreggiata a doppio senso;Asciutto;Asfaltata;Verticale ed orizzontale;Nuvoloso;Normale;Buona;Ore Diurne;0;0;0;2;12,54743;41,87249;-1;2;Autovettura privata;In marcia / fermata / arresto;Conducente;M;Illeso;0;;Non accertato;Inesploso
3620282;13;30/12/2017 12:40;Strada Urbana;VIALE DEI PROMONTORI;da specificare;;;;altezza via Capo Rizzuto;Veicolo in marcia contro ostacolo accidentale;Rettilineo;Due carreggiate;Asciutto;Con buche;Assente;Nuvoloso;Normale;Buona;Ore Diurne;0;0;0;1;;;0;1;Autovettura privata;In marcia / fermata / arresto;Conducente;M;Illeso;0;;Non accertato;Inesploso
3620379;3;25/12/2017 03:05;Strada Urbana;VIA FEDERICO DE ROBERTO;in prossimità;;del civico n.;37;;Veicolo in marcia contro veicoli in sosta;Rettilineo;Una carreggiata a senso unico di marcia;Asciutto;Asfaltata;Verticale ed orizzontale;Sereno;Scarso;Sufficiente;Sufficiente;1;0;0;0;12,54796;41,95075;-1;1;Autovettura privata;In marcia / fermata / arresto;Conducente;M;Rimandato;0;NON DECEDUTO;Non accertato;
3620423;13;30/12/2017 15:45;Strada Urbana;VIA DELLE EBRIDI;in prossimità;;del civico n.;42;;Tamponamento;Rettilineo;Due carreggiate;Asciutto;Asfaltata;Assente;Nuvoloso;Normale;Buona;Ore Diurne;0;0;0;3;12,26032;41,73884;-1;1;Autovettura privata;In marcia / fermata / arresto;Conducente;M;Illeso;0;;Non accertato;Inesploso
3620423;13;30/12/2017 15:45;Strada Urbana;VIA DELLE EBRIDI;in prossimità;;del civico n.;42;;Tamponamento;Rettilineo;Due carreggiate;Asciutto;Asfaltata;Assente;Nuvoloso;Normale;Buona;Ore Diurne;0;0;0;3;12,26032;41,73884;-1;2;Autovettura privata;In marcia / fermata / arresto;Conducente;F;Illeso;0;;Non accertato;Inesploso
3620423;13;30/12/2017 15:45;Strada Urbana;VIA DELLE EBRIDI;in prossimità;;del civico n.;42;;Tamponamento;Rettilineo;Due carreggiate;Asciutto;Asfaltata;Assente;Nuvoloso;Normale;Buona;Ore Diurne;0;0;0;3;12,26032;41,73884;-1;2;Autovettura privata;In marcia / fermata / arresto;Passeggero;F;Illeso;0;;Non accertato;Inesploso
3620432;15;30/12/2017 10:10;Autostrada;AUTOSTRADA ROMA AEROPORTO DI FIUMICINO;da specificare;;;;PROSSIMITA' ROMA - FIUMICINO KM. 0.30;Veicolo in marcia contro ostacolo accidentale;Rettilineo;Due carreggiate;Asciutto;Asfaltata;Orizzontale;Nuvoloso;Normale;Buona;Ore Diurne;0;0;0;1;12,44249;41,83202;-1;1;Autovettura privata;In marcia / fermata / arresto;Conducente;M;Illeso;0;;;
3620450;15;30/12/2017 11:05;Strada Urbana;VICOLO DI PAPA LEONE;da specificare;;;;.;Scontro laterale fra veicoli in marcia;Curva a visuale libera;Una carreggiata a doppio senso;Asciutto;Asfaltata;Orizzontale;Nuvoloso;Scarso;Buona;Ore Diurne;0;0;0;2;12,44475;41,84343;-1;1;Autovettura privata;In marcia / fermata / arresto;Conducente;M;Illeso;0;;Non accertato;Inesploso
3620450;15;30/12/2017 11:05;Strada Urbana;VICOLO DI PAPA LEONE;da specificare;;;;.;Scontro laterale fra veicoli in marcia;Curva a visuale libera;Una carreggiata a doppio senso;Asciutto;Asfaltata;Orizzontale;Nuvoloso;Scarso;Buona;Ore Diurne;0;0;0;2;12,44475;41,84343;-1;1;Autovettura privata;In marcia / fermata / arresto;Passeggero;F;Illeso;0;;Non accertato;Inesploso
3620470;2;30/12/2017 17:10;Strada Urbana;VIA GIAMBATTISTA VICO;all'intersezione con;VIA CESARE BECCARIA;VIA CESARE BECCARIA;;;Scontro frontale/laterale DX fra veicoli in marcia;Incrocio;Una carreggiata a doppio senso;Asciutto;Asfaltata;Verticale ed orizzontale;Nuvoloso;Normale;Buona;Sufficiente;0;0;0;3;12,47458;41,91271;-1;1;Autovettura privata;In marcia / fermata / arresto;Conducente;M;Illeso;0;;Non accertato;Inesploso
3620470;2;30/12/2017 17:10;Strada Urbana;VIA GIAMBATTISTA VICO;all'intersezione con;VIA CESARE BECCARIA;VIA CESARE BECCARIA;;;Scontro frontale/laterale DX fra veicoli in marcia;Incrocio;Una carreggiata a doppio senso;Asciutto;Asfaltata;Verticale ed orizzontale;Nuvoloso;Normale;Buona;Sufficiente;0;0;0;3;12,47458;41,91271;-1;2;Autovettura privata;In marcia / fermata / arresto;Conducente;M;Illeso;0;;Non accertato;Inesploso
3620470;2;30/12/2017 17:10;Strada Urbana;VIA GIAMBATTISTA VICO;all'intersezione con;VIA CESARE BECCARIA;VIA CESARE BECCARIA;;;Scontro frontale/laterale DX fra veicoli in marcia;Incrocio;Una carreggiata a doppio senso;Asciutto;Asfaltata;Verticale ed orizzontale;Nuvoloso;Normale;Buona;Sufficiente;0;0;0;3;12,47458;41,91271;-1;2;Autovettura privata;In marcia / fermata / arresto;Passeggero;F;Illeso;0;;;
3620476;3;27/12/2017 07:50;Strada Urbana;VIA COMO;all'intersezione con;VIA PAVIA;VIA PAVIA;;;Scontro frontale/laterale SX fra veicoli in marcia;Incrocio;Una carreggiata a doppio senso;Bagnato (pioggia);Asfaltata;Verticale ed orizzontale;Pioggia in atto;Scarso;Sufficiente;Ore Diurne;0;0;0;2;12,51575;41,90956;-1;1;Autovettura privata;In marcia / fermata / arresto;Conducente;M;Illeso;0;;Non accertato;Inesploso
3620476;3;27/12/2017 07:50;Strada Urbana;VIA COMO;all'intersezione con;VIA PAVIA;VIA PAVIA;;;Scontro frontale/laterale SX fra veicoli in marcia;Incrocio;Una carreggiata a doppio senso;Bagnato (pioggia);Asfaltata;Verticale ed orizzontale;Pioggia in atto;Scarso;Sufficiente;Ore Diurne;0;0;0;2;12,51575;41,90956;-1;2;Motociclo a solo;In marcia / fermata / arresto;Conducente;M;Illeso;0;;Non accertato;
3620627;15;30/12/2017 16:50;Strada Urbana;VIA ANTONIO PACINOTTI;in corrispondenza;;del civico n.;27;;Scontro frontale/laterale SX fra veicoli in marcia;Rettilineo;Una carreggiata a doppio senso;Asciutto;Asfaltata;Verticale ed orizzontale;Nuvoloso;Normale;Buona;Sufficiente;1;0;0;1;12,4681;41,87123;-1;1;Autovettura privata;In marcia / fermata / arresto;Conducente;M;Illeso;0;;Utilizzato;
3620627;15;30/12/2017 16:50;Strada Urbana;VIA ANTONIO PACINOTTI;in corrispondenza;;del civico n.;27;;Scontro frontale/laterale SX fra veicoli in marcia;Rettilineo;Una carreggiata a doppio senso;Asciutto;Asfaltata;Verticale ed orizzontale;Nuvoloso;Normale;Buona;Sufficiente;1;0;0;1;12,4681;41,87123;-1;2;Motociclo a solo;In marcia / fermata / arresto;Conducente;M;Rimandato;0;NON DECEDUTO;Utilizzato;
3620715;10;29/12/2017 09:15;Strada Urbana;VIA DI TORRE SPACCATA;da specificare;;;;ROTATORIA / VIALE B. RIZZIERI;Scontro laterale fra veicoli in marcia;Rotatoria;Una carreggiata a senso unico di marcia;Asciutto;Asfaltata;Verticale ed orizzontale;Sereno;Normale;Buona;Ore Diurne;0;0;0;2;12,58321;41,85228;-1;1;Autovettura privata;In marcia / fermata / arresto;Conducente;M;Illeso;0;;Non accertato;Inesploso
3620715;10;29/12/2017 09:15;Strada Urbana;VIA DI TORRE SPACCATA;da specificare;;;;ROTATORIA / VIALE B. RIZZIERI;Scontro laterale fra veicoli in marcia;Rotatoria;Una carreggiata a senso unico di marcia;Asciutto;Asfaltata;Verticale ed orizzontale;Sereno;Normale;Buona;Ore Diurne;0;0;0;2;12,58321;41,85228;-1;2;Autovettura privata;In marcia / fermata / arresto;Conducente;M;Illeso;0;;Non accertato;Inesploso
3620751;10;29/12/2017 10:00;Strada Urbana;VIA TUSCOLANA;da specificare;;;;DIREZIONE ROMA CENTRO 50MT PRIMA DI VIA G.DELITALA;Veicolo in marcia contro ostacolo accidentale;Rettilineo;Una carreggiata a senso unico di marcia;Asciutto;Asfaltata;Verticale ed orizzontale;Sereno;Normale;Buona;Ore Diurne;0;0;0;1;12,58865;41,84034;-1;1;Autovettura privata;In marcia / fermata / arresto;Conducente;M;Illeso;0;;Non accertato;Inesploso
3620850;11;30/12/2017 11:30;Strada Urbana;VIA CRISTOFORO COLOMBO;da specificare;;;;pross. largo FOCHETTI;Tamponamento;Rettilineo;Più di due carreggiate;Asciutto;Asfaltata;Verticale ed orizzontale;Nuvoloso;Normale;Sufficiente;Ore Diurne;0;0;0;2;12,49649;41,86721;-1;1;Autovettura privata;In marcia / fermata / arresto;Conducente;F;Illeso;0;;Non accertato;
3620850;11;30/12/2017 11:30;Strada Urbana;VIA CRISTOFORO COLOMBO;da specificare;;;;pross. largo FOCHETTI;Tamponamento;Rettilineo;Più di due carreggiate;Asciutto;Asfaltata;Verticale ed orizzontale;Nuvoloso;Normale;Sufficiente;Ore Diurne;0;0;0;2;12,49649;41,86721;-1;2;Autovettura privata;In marcia / fermata / arresto;Conducente;F;Illeso;0;;Non accertato;Inesploso
3620871;11;30/12/2017 13:50;Strada Urbana;VIA ADELAIDE BONO CAIROLI;all'intersezione con;VIA ALESSANDRA MACINGHI STROZZI;VIA ALESSANDRA MACINGHI STROZZI;;;Investimento di pedone;Intersezione non regolata/non segnalata;Una carreggiata a senso unico di marcia;Asciutto;Asfaltata;Verticale ed orizzontale;Nuvoloso;Scarso;Buona;Ore Diurne;0;0;0;2;12,4899;41,85955;-1;;;;Pedone;M;Illeso;0;;;
3620871;11;30/12/2017 13:50;Strada Urbana;VIA ADELAIDE BONO CAIROLI;all'intersezione con;VIA ALESSANDRA MACINGHI STROZZI;VIA ALESSANDRA MACINGHI STROZZI;;;Investimento di pedone;Intersezione non regolata/non segnalata;Una carreggiata a senso unico di marcia;Asciutto;Asfaltata;Verticale ed orizzontale;Nuvoloso;Scarso;Buona;Ore Diurne;0;0;0;2;12,4899;41,85955;-1;1;Autovettura privata;In marcia / fermata / arresto;Conducente;M;Illeso;0;;Non accertato;
3620920;10;29/12/2017 17:10;Strada Urbana;VIA ANAGNINA;da specificare;;;;prossimità VIA SOVERIA MANNELLI;Scontro laterale fra veicoli in marcia;Rettilineo;Una carreggiata a senso unico di marcia;Asciutto;Asfaltata;Orizzontale;Sereno;Normale;Buona;Sufficiente;1;0;0;0;12,58876;41,83932;-1;1;Motociclo a solo;In marcia / fermata / arresto;Conducente;F;Rimandato;0;NON DECEDUTO;Non accertato;
3620924;10;29/12/2017 20:20;Strada Urbana;VIA TUSCOLANA;in corrispondenza;;del civico n.;471;;Tamponamento;Rettilineo;Due carreggiate;Bagnato (umidità in atto);Asfaltata;Verticale ed orizzontale;Nuvoloso;Scarso;Sufficiente;Sufficiente;0;0;0;3;12,53918;41,86852;-1;1;Autovettura privata;In marcia / fermata / arresto;Conducente;M;Illeso;0;;Non accertato;Inesploso
3620924;10;29/12/2017 20:20;Strada Urbana;VIA TUSCOLANA;in corrispondenza;;del civico n.;471;;Tamponamento;Rettilineo;Due carreggiate;Bagnato (umidità in atto);Asfaltata;Verticale ed orizzontale;Nuvoloso;Scarso;Sufficiente;Sufficiente;0;0;0;3;12,53918;41,86852;-1;2;Autovettura privata;In marcia / fermata / arresto;Conducente;M;Illeso;0;;Non accertato;Inesploso
3620924;10;29/12/2017 20:20;Strada Urbana;VIA TUSCOLANA;in corrispondenza;;del civico n.;471;;Tamponamento;Rettilineo;Due carreggiate;Bagnato (umidità in atto);Asfaltata;Verticale ed orizzontale;Nuvoloso;Scarso;Sufficiente;Sufficiente;0;0;0;3;12,53918;41,86852;-1;2;Autovettura privata;In marcia / fermata / arresto;Passeggero;M;Illeso;0;;Non accertato;Inesploso
3620940;10;30/12/2017 09:50;Strada Urbana;VIALE BRUNO PELIZZI;all'intersezione con;VIA DI TORRE SPACCATA;VIA DI TORRE SPACCATA;;;Veicolo in marcia contro ostacolo accidentale;Intersezione non regolata/non segnalata;Due carreggiate;Asciutto;Asfaltata;Orizzontale;Nuvoloso;Normale;Buona;Ore Diurne;0;0;0;1;12,58374;41,85526;-1;1;Autovettura privata;In marcia / fermata / arresto;Conducente;M;Illeso;0;;Non accertato;Inesploso
3620945;10;30/12/2017 13:30;Strada Urbana;VIA QUINTO PUBLICIO;in corrispondenza;;del civico n.;19;;Veicolo in marcia contro veicolo fermo;Rettilineo;Due carreggiate;Asciutto;Asfaltata;Verticale ed orizzontale;Nuvoloso;Normale;Buona;Ore Diurne;0;0;0;3;12,57003;41,8559;-1;1;Autovettura privata;In marcia / fermata / arresto;Conducente;M;Illeso;0;;Non accertato;Inesploso
3620945;10;30/12/2017 13:30;Strada Urbana;VIA QUINTO PUBLICIO;in corrispondenza;;del civico n.;19;;Veicolo in marcia contro veicolo fermo;Rettilineo;Due carreggiate;Asciutto;Asfaltata;Verticale ed orizzontale;Nuvoloso;Normale;Buona;Ore Diurne;0;0;0;3;12,57003;41,8559;-1;2;Autocarro inferiore 35 q.;In marcia / fermata / arresto;Conducente;M;Illeso;0;;Non accertato;Inesploso
3620945;10;30/12/2017 13:30;Strada Urbana;VIA QUINTO PUBLICIO;in corrispondenza;;del civico n.;19;;Veicolo in marcia contro veicolo fermo;Rettilineo;Due carreggiate;Asciutto;Asfaltata;Verticale ed orizzontale;Nuvoloso;Normale;Buona;Ore Diurne;0;0;0;3;12,57003;41,8559;-1;2;Autocarro inferiore 35 q.;In marcia / fermata / arresto;Passeggero;M;Illeso;0;;Non accertato;Inesploso
3620974;20;31/12/2017 06:40;Strada Urbana;VIA CASSIA;da specificare;;;;altezza Via Cappelletta della Giustiniana;Investimento di pedone;Rettilineo;Una carreggiata a doppio senso;Asciutto;Asfaltata;Orizzontale;Sereno;Scarso;Sufficiente;Insufficiente;0;1;0;1;12,41323;41,98292;-1;;;;Pedone;F;Prognosi riservata;0;NON DECEDUTO;;
3620974;20;31/12/2017 06:40;Strada Urbana;VIA CASSIA;da specificare;;;;altezza Via Cappelletta della Giustiniana;Investimento di pedone;Rettilineo;Una carreggiata a doppio senso;Asciutto;Asfaltata;Orizzontale;Sereno;Scarso;Sufficiente;Insufficiente;0;1;0;1;12,41323;41,98292;-1;1;Autovettura privata;In marcia / fermata / arresto;Conducente;M;Illeso;0;;;
3621055;20;30/12/2017 13:30;Regionale;VIA FLAMINIA;in corrispondenza;;della chilometrica;16;;Scontro frontale/laterale SX fra veicoli in marcia;Rettilineo;Una carreggiata a doppio senso;Asciutto;Asfaltata;Verticale ed orizzontale;Sereno;Scarso;Buona;Ore Diurne;1;0;0;3;12,48694;42,02308;-1;1;Autovettura privata;In marcia / fermata / arresto;Conducente;M;Illeso;0;;Non accertato;Inesploso
3621055;20;30/12/2017 13:30;Regionale;VIA FLAMINIA;in corrispondenza;;della chilometrica;16;;Scontro frontale/laterale SX fra veicoli in marcia;Rettilineo;Una carreggiata a doppio senso;Asciutto;Asfaltata;Verticale ed orizzontale;Sereno;Scarso;Buona;Ore Diurne;1;0;0;3;12,48694;42,02308;-1;1;Autovettura privata;In marcia / fermata / arresto;Passeggero;F;Rimandato;0;NON DECEDUTO;Non accertato;Inesploso
3621055;20;30/12/2017 13:30;Regionale;VIA FLAMINIA;in corrispondenza;;della chilometrica;16;;Scontro frontale/laterale SX fra veicoli in marcia;Rettilineo;Una carreggiata a doppio senso;Asciutto;Asfaltata;Verticale ed orizzontale;Sereno;Scarso;Buona;Ore Diurne;1;0;0;3;12,48694;42,02308;-1;1;Autovettura privata;In marcia / fermata / arresto;Passeggero;M;Illeso;0;;Non accertato;Inesploso
3621055;20;30/12/2017 13:30;Regionale;VIA FLAMINIA;in corrispondenza;;della chilometrica;16;;Scontro frontale/laterale SX fra veicoli in marcia;Rettilineo;Una carreggiata a doppio senso;Asciutto;Asfaltata;Verticale ed orizzontale;Sereno;Scarso;Buona;Ore Diurne;1;0;0;3;12,48694;42,02308;-1;2;Autovettura privata;In marcia / fermata / arresto;Conducente;M;Illeso;0;;Non accertato;Inesploso
3621065;20;30/12/2017 17:30;Strada Urbana;VIA TIBERINA;da specificare;;;;50 MT. dopo Via Bascotti direzione fuori città;Veicolo in marcia contro ostacolo accidentale;Rettilineo;Una carreggiata a doppio senso;Asciutto;Asfaltata;Verticale ed orizzontale;Sereno;Normale;Sufficiente;Insufficiente;0;0;0;2;12,55954;42,08496;-1;1;Motociclo con passeggero;In marcia / fermata / arresto;Conducente;M;Illeso;0;;Non accertato;
3621065;20;30/12/2017 17:30;Strada Urbana;VIA TIBERINA;da specificare;;;;50 MT. dopo Via Bascotti direzione fuori città;Veicolo in marcia contro ostacolo accidentale;Rettilineo;Una carreggiata a doppio senso;Asciutto;Asfaltata;Verticale ed orizzontale;Sereno;Normale;Sufficiente;Insufficiente;0;0;0;2;12,55954;42,08496;-1;1;Motociclo con passeggero;In marcia / fermata / arresto;Passeggero;M;Illeso;0;;Non accertato;
3621068;20;30/12/2017 19:00;Strada Urbana;VIALE DEL FORO ITALICO;da specificare;;;;prossimità Galleria Giovanni XXIII dir. Trionfale;Scontro laterale fra veicoli in marcia;Rettilineo;Più di due carreggiate;Asciutto;Asfaltata;Verticale ed orizzontale;Nuvoloso;Normale;Sufficiente;Sufficiente;1;0;0;2;12,45794;41,93227;-1;1;Autovettura privata;In marcia / fermata / arresto;Conducente;M;Rimandato;0;NON DECEDUTO;Non accertato;Esploso
3621068;20;30/12/2017 19:00;Strada Urbana;VIALE DEL FORO ITALICO;da specificare;;;;prossimità Galleria Giovanni XXIII dir. Trionfale;Scontro laterale fra veicoli in marcia;Rettilineo;Più di due carreggiate;Asciutto;Asfaltata;Verticale ed orizzontale;Nuvoloso;Normale;Sufficiente;Sufficiente;1;0;0;2;12,45794;41,93227;-1;2;Autovettura privata;In marcia / fermata / arresto;Conducente;M;Illeso;0;;Non accertato;Inesploso
3621068;20;30/12/2017 19:00;Strada Urbana;VIALE DEL FORO ITALICO;da specificare;;;;prossimità Galleria Giovanni XXIII dir. Trionfale;Scontro laterale fra veicoli in marcia;Rettilineo;Più di due carreggiate;Asciutto;Asfaltata;Verticale ed orizzontale;Nuvoloso;Normale;Sufficiente;Sufficiente;1;0;0;2;12,45794;41,93227;-1;2;Autovettura privata;In marcia / fermata / arresto;Passeggero;F;Illeso;0;;Non accertato;Inesploso
3621085;6;30/12/2017 17:45;Strada Urbana;VIA AUGUSTO DULCERI;all'intersezione con;VIA FRONTINO;VIA FRONTINO;;;Scontro frontale/laterale SX fra veicoli in marcia;Incrocio;Una carreggiata a doppio senso;Asciutto;Asfaltata;Verticale;Nuvoloso;Normale;Sufficiente;Sufficiente;1;0;0;2;12,53884;41,88398;-1;1;Motociclo con passeggero;In marcia / fermata / arresto;Conducente;M;Illeso;0;;Non accertato;
3621085;6;30/12/2017 17:45;Strada Urbana;VIA AUGUSTO DULCERI;all'intersezione con;VIA FRONTINO;VIA FRONTINO;;;Scontro frontale/laterale SX fra veicoli in marcia;Incrocio;Una carreggiata a doppio senso;Asciutto;Asfaltata;Verticale;Nuvoloso;Normale;Sufficiente;Sufficiente;1;0;0;2;12,53884;41,88398;-1;1;Motociclo con passeggero;In marcia / fermata / arresto;Passeggero;F;Rifiuta cure immediate;0;NON DECEDUTO;Non accertato;
3621085;6;30/12/2017 17:45;Strada Urbana;VIA AUGUSTO DULCERI;all'intersezione con;VIA FRONTINO;VIA FRONTINO;;;Scontro frontale/laterale SX fra veicoli in marcia;Incrocio;Una carreggiata a doppio senso;Asciutto;Asfaltata;Verticale;Nuvoloso;Normale;Sufficiente;Sufficiente;1;0;0;2;12,53884;41,88398;-1;2;Autovettura privata;In marcia / fermata / arresto;Conducente;M;Illeso;0;;Non accertato;Inesploso
3621090;6;30/12/2017 15:30;Strada Urbana;VIA CASILINA;in prossimità;;del civico n.;323;;Veicolo in marcia contro ostacolo accidentale;Rettilineo;Una carreggiata a senso unico di marcia;Asciutto;Con buche;Assente;Nuvoloso;Normale;Buona;Ore Diurne;0;0;0;1;12,53545;41,88261;-1;1;Autovettura privata;In marcia / fermata / arresto;Conducente;M;Illeso;0;;;
3621098;6;31/12/2017 06:40;Strada Urbana;VIA PRENESTINA;all'intersezione semaforizzata con;VIALE DELLA STAZIONE PRENESTINA;VIALE DELLA STAZIONE PRENESTINA;;;Scontro frontale/laterale SX fra veicoli in marcia;Incrocio;Più di due carreggiate;Asciutto;Asfaltata;Verticale ed orizzontale;Nuvoloso;Scarso;Sufficiente;Sufficiente;1;0;0;1;12,54673;41,8934;-1;1;Autovettura di polizia;In marcia / fermata / arresto;Conducente;M;Illeso;0;;Non accertato;Inesploso
3621098;6;31/12/2017 06:40;Strada Urbana;VIA PRENESTINA;all'intersezione semaforizzata con;VIALE DELLA STAZIONE PRENESTINA;VIALE DELLA STAZIONE PRENESTINA;;;Scontro frontale/laterale SX fra veicoli in marcia;Incrocio;Più di due carreggiate;Asciutto;Asfaltata;Verticale ed orizzontale;Nuvoloso;Scarso;Sufficiente;Sufficiente;1;0;0;1;12,54673;41,8934;-1;2;Autovettura privata;In marcia / fermata / arresto;Conducente;M;Rimandato;0;NON DECEDUTO;Non accertato;Inesistente
3621100;6;31/12/2017 11:00;Strada Urbana;VIALE DELLA PRIMAVERA;in corrispondenza;;del civico n.;133;;Tamponamento Multiplo;Rettilineo;Più di due carreggiate;Asciutto;Asfaltata;Verticale ed orizzontale;Nuvoloso;Normale;Buona;Ore Diurne;0;0;0;4;12,56096;41,88298;-1;1;Motociclo a solo;In marcia / fermata / arresto;Conducente;M;Illeso;0;;;
3621100;6;31/12/2017 11:00;Strada Urbana;VIALE DELLA PRIMAVERA;in corrispondenza;;del civico n.;133;;Tamponamento Multiplo;Rettilineo;Più di due carreggiate;Asciutto;Asfaltata;Verticale ed orizzontale;Nuvoloso;Normale;Buona;Ore Diurne;0;0;0;4;12,56096;41,88298;-1;2;Autovettura privata;In marcia / fermata / arresto;Conducente;M;Illeso;0;;;
3621100;6;31/12/2017 11:00;Strada Urbana;VIALE DELLA PRIMAVERA;in corrispondenza;;del civico n.;133;;Tamponamento Multiplo;Rettilineo;Più di due carreggiate;Asciutto;Asfaltata;Verticale ed orizzontale;Nuvoloso;Normale;Buona;Ore Diurne;0;0;0;4;12,56096;41,88298;-1;2;Autovettura privata;In marcia / fermata / arresto;Passeggero;F;Illeso;0;;;