Protocollo;Gruppo;DataOraIncidente;Localizzazione1;STRADA1;Localizzazione2;STRADA2;Strada02;Chilometrica;DaSpecificare;NaturaIncidente;particolaritastrade;TipoStrada;FondoStradale;Pavimentazione;Segnaletica;CondizioneAtmosferica;Traffico;Visibilita;Illuminazione;NUM_FERITI;NUM_RISERVATA;NUM_MORTI;NUM_ILLESI;Longitudine;Latitudine;Confermato;Progressivo;TipoVeicolo;StatoVeicolo;TipoPersona;Sesso;Tipolesione;Deceduto;DecedutoDopo;CinturaCascoUtilizzato;Airbag
3631095;12;17/12/2017 06:45;Strada Urbana;PIAZZA GUGLIELMO MARCONI;da specificare;;;;fronte via chopin;Scontro frontale/laterale SX fra veicoli in marcia;Rettilineo;Due carreggiate;Asciutto;Asfaltata;Verticale ed orizzontale;Sereno;Scarso;Buona;Sufficiente;0;0;0;3;12,47046;41,83347;-1;1;Autovettura privata;In marcia / fermata / arresto;Passeggero;M;Illeso;0;;Utilizzato;Inesploso
3631095;12;17/12/2017 06:45;Strada Urbana;PIAZZA GUGLIELMO MARCONI;da specificare;;;;fronte via chopin;Scontro frontale/laterale SX fra veicoli in marcia;Rettilineo;Due carreggiate;Asciutto;Asfaltata;Verticale ed orizzontale;Sereno;Scarso;Buona;Sufficiente;0;0;0;3;12,47046;41,83347;-1;2;Autovettura privata;In marcia / fermata / arresto;Conducente;F;Illeso;0;;;
3631234;12;18/12/2017 08:00;Provinciale;VIA OSTIENSE;da specificare;;;;uscita svincolo gra;Veicolo in marcia contro ostacolo accidentale;Rettilineo;Una carreggiata a senso unico di marcia;Asciutto;Asfaltata;Verticale ed orizzontale;Sereno;Normale;Buona;Ore Diurne;1;0;0;1;12,41118;41,80896;-1;1;Motociclo a solo;In marcia / fermata / arresto;Conducente;M;Rimandato;0;NON DECEDUTO;Non accertato;
3631234;12;18/12/2017 08:00;Provinciale;VIA OSTIENSE;da specificare;;;;uscita svincolo gra;Veicolo in marcia contro ostacolo accidentale;Rettilineo;Una carreggiata a senso unico di marcia;Asciutto;Asfaltata;Verticale ed orizzontale;Sereno;Normale;Buona;Ore Diurne;1;0;0;1;12,41118;41,80896;-1;2;Autovettura privata;In marcia / fermata / arresto;Conducente;M;Illeso;0;;Non accertato;Inesploso
3631248;12;18/12/2017 16:00;Strada Urbana;VIALE DELL'OCEANO PACIFICO;in prossimità;;del civico n.;13;;Scontro frontale/laterale DX fra veicoli in marcia;Rettilineo;Una carreggiata a doppio senso;Asciutto;Asfaltata;Verticale ed orizzontale;Sereno;Intenso;Buona;Ore Diurne;0;0;0;4;12,45426;41,82734;-1;1;Motociclo con passeggero;In marcia / fermata / arresto;Conducente;M;Illeso;0;;;
3631248;12;18/12/2017 16:00;Strada Urbana;VIALE DELL'OCEANO PACIFICO;in prossimità;;del civico n.;13;;Scontro frontale/laterale DX fra veicoli in marcia;Rettilineo;Una carreggiata a doppio senso;Asciutto;Asfaltata;Verticale ed orizzontale;Sereno;Intenso;Buona;Ore Diurne;0;0;0;4;12,45426;41,82734;-1;1;Motociclo con passeggero;In marcia / fermata / arresto;Passeggero;M;Illeso;0;;Utilizzato;
3631248;12;18/12/2017 16:00;Strada Urbana;VIALE DELL'OCEANO PACIFICO;in prossimità;;del civico n.;13;;Scontro frontale/laterale DX fra veicoli in marcia;Rettilineo;Una carreggiata a doppio senso;Asciutto;Asfaltata;Verticale ed orizzontale;Sereno;Intenso;Buona;Ore Diurne;0;0;0;4;12,45426;41,82734;-1;2;Autovettura privata;In marcia / fermata / arresto;Conducente;M;Illeso;0;;;
3631248;12;18/12/2017 16:00;Strada Urbana;VIALE DELL'OCEANO PACIFICO;in prossimità;;del civico n.;13;;Scontro frontale/laterale DX fra veicoli in marcia;Rettilineo;Una carreggiata a doppio senso;Asciutto;Asfaltata;Verticale ed orizzontale;Sereno;Intenso;Buona;Ore Diurne;0;0;0;4;12,45426;41,82734;-1;2;Autovettura privata;In marcia / fermata / arresto;Passeggero;M;Illeso;0;;Utilizzato;Inesploso
3631281;12;19/12/2017 08:50;Strada Urbana;VIADOTTO DELLA MAGLIANA;da specificare;;;;direzione laurentina altezza via dell'industria;Veicolo in marcia contro ostacolo accidentale;Rettilineo;Due carreggiate;Asciutto;Con buche;Orizzontale;Sereno;Intenso;Buona;Ore Diurne;0;0;0;1;12,46314;41,84172;-1;1;Autovettura privata;In marcia / fermata / arresto;Conducente;M;Illeso;0;;;
3631303;12;18/12/2017 18:50;Strada Urbana;VIA DI VALLERANO;in prossimità;;del civico n.;162;;Veicolo in marcia contro ostacolo accidentale;Rettilineo;Una carreggiata a doppio senso;Asciutto;Con buche;Verticale ed orizzontale;Sereno;Normale;Insufficiente;Insufficiente;0;0;0;1;12,45789;41,78723;-1;1;Autovettura privata;In marcia / fermata / arresto;Conducente;F;Illeso;0;;Utilizzato;Inesploso
3631314;12;18/12/2017 20:00;Strada Urbana;VIA DI VALLERANO;in prossimità;;del civico n.;162;;Veicolo in marcia contro ostacolo accidentale;Rettilineo;Una carreggiata a doppio senso;Asciutto;Con buche;Verticale ed orizzontale;Sereno;Normale;Insufficiente;Inesistente;0;0;0;1;12,45789;41,78723;-1;1;Autovettura privata;In marcia / fermata / arresto;Conducente;M;Illeso;0;;;
3631325;12;19/12/2017 12:40;Strada Urbana;VIA DELLE TRE FONTANE;da specificare;;;;rampa via tintoretto;Veicolo in marcia contro ostacolo accidentale;Pendenza;Una carreggiata a doppio senso;Asciutto;Asfaltata;Verticale ed orizzontale;Sereno;Normale;Buona;Ore Diurne;0;0;0;1;12,47341;41,83939;-1;1;Autovettura privata;In marcia / fermata / arresto;Conducente;M;Illeso;0;;;
3631340;12;19/12/2017 09:00;Strada Urbana;VIA DI PORTA MEDAGLIA;da specificare;;;;200m prima civ156 direzione laurentina;Veicolo in marcia contro ostacolo accidentale;Curva senza visuale libera;Una carreggiata a doppio senso;Asciutto;Asfaltata;Assente;Sereno;Normale;Sufficiente;Ore Diurne;0;0;0;1;12,52803;41,75633;-1;1;Autovettura privata;In marcia / fermata / arresto;Conducente;F;Illeso;0;;;
3631376;12;19/12/2017 11:10;Strada Urbana;VIADOTTO DELLA MAGLIANA;da specificare;;;;direzione laurentina altezza viale industria;Veicolo in marcia contro ostacolo accidentale;Rettilineo;Una carreggiata a senso unico di marcia;Asciutto;Con buche;Orizzontale;Sereno;Intenso;Buona;Ore Diurne;0;0;0;1;12,47563;41,84073;-1;1;Autovettura privata;In marcia / fermata / arresto;Conducente;M;Illeso;0;;;
3631390;12;20/12/2017 20:10;Provinciale;VIA LAURENTINA;all'intersezione con;VIA DI TRIGORIA;VIA DI TRIGORIA;;;Veicolo in marcia contro ostacolo accidentale;Rotatoria;Una carreggiata a doppio senso;Asciutto;Con buche;Verticale ed orizzontale;Sereno;Scarso;Insufficiente;Inesistente;0;0;0;1;12,50918;41,72716;-1;1;Autovettura privata;In marcia / fermata / arresto;Conducente;M;Illeso;0;;;
3631429;12;20/12/2017 22:00;Strada Urbana;VIALE DELL'OCEANO INDIANO;in prossimità;;del civico n.;55;;Veicolo in marcia contro ostacolo accidentale;Rettilineo;Una carreggiata a doppio senso;Asciutto;Con buche;Verticale ed orizzontale;Sereno;Scarso;Sufficiente;Sufficiente;0;0;0;1;12,445;41,82218;-1;1;Autovettura privata;In marcia / fermata / arresto;Conducente;M;Illeso;0;;;
3631457;12;20/12/2017 19:45;Strada Urbana;VIADOTTO DELLA MAGLIANA;da specificare;;;;300m prima di via del cappellaccio;Tamponamento;Rettilineo;Due carreggiate;Asciutto;Asfaltata;Verticale ed orizzontale;Sereno;Intenso;Buona;Sufficiente;0;0;0;2;12,45779;41,83937;-1;1;Autovettura privata;In marcia / fermata / arresto;Conducente;F;Illeso;0;;Utilizzato;Inesploso
3631457;12;20/12/2017 19:45;Strada Urbana;VIADOTTO DELLA MAGLIANA;da specificare;;;;300m prima di via del cappellaccio;Tamponamento;Rettilineo;Due carreggiate;Asciutto;Asfaltata;Verticale ed orizzontale;Sereno;Intenso;Buona;Sufficiente;0;0;0;2;12,45779;41,83937;-1;2;Autovettura privata;In marcia / fermata / arresto;Conducente;M;Illeso;0;;;
3631552;12;20/12/2017 16:30;Strada Urbana;VIA ARDEATINA;in prossimità;;del civico n.;982;;Veicolo in marcia contro ostacolo accidentale;Rettilineo;Una carreggiata a doppio senso;Asciutto;Asfaltata;Verticale;Sereno;Intenso;Buona;Ore Diurne;0;0;0;2;12,53459;41,79481;-1;1;Autovettura privata;In marcia / fermata / arresto;Conducente;M;Illeso;0;;;
3631552;12;20/12/2017 16:30;Strada Urbana;VIA ARDEATINA;in prossimità;;del civico n.;982;;Veicolo in marcia contro ostacolo accidentale;Rettilineo;Una carreggiata a doppio senso;Asciutto;Asfaltata;Verticale;Sereno;Intenso;Buona;Ore Diurne;0;0;0;2;12,53459;41,79481;-1;1;Autovettura privata;In marcia / fermata / arresto;Passeggero;F;Illeso;0;;;
3631561;12;21/12/2017 20:00;Provinciale;VIA LAURENTINA;all'intersezione con;VIA DI VALLERANO;VIA DI VALLERANO;;;Veicolo in marcia contro ostacolo accidentale;Rotatoria;Due carreggiate;Asciutto;Asfaltata;Verticale ed orizzontale;Sereno;Normale;Buona;Sufficiente;0;0;0;1;12,48159;41,78867;-1;1;Autovettura privata;In marcia / fermata / arresto;Conducente;F;Illeso;0;;;
3631573;12;21/12/2017 09:30;Strada Urbana;VIA CRISTOFORO COLOMBO;da specificare;;;;altezza svincolo sotto p.le marconi dir. laurentin;Tamponamento;Rettilineo;Una carreggiata a senso unico di marcia;Asciutto;Asfaltata;Verticale ed orizzontale;Sereno;Normale;Buona;Ore Diurne;0;0;0;2;12,41155;41,78584;-1;1;Autovettura privata;In marcia / fermata / arresto;Conducente;F;Illeso;0;;Utilizzato;Inesploso
3631573;12;21/12/2017 09:30;Strada Urbana;VIA CRISTOFORO COLOMBO;da specificare;;;;altezza svincolo sotto p.le marconi dir. laurentin;Tamponamento;Rettilineo;Una carreggiata a senso unico di marcia;Asciutto;Asfaltata;Verticale ed orizzontale;Sereno;Normale;Buona;Ore Diurne;0;0;0;2;12,41155;41,78584;-1;2;Autovettura privata;In marcia / fermata / arresto;Conducente;M;Illeso;0;;Utilizzato;Inesploso
3631619;3;16/12/2017 01:00;Strada Urbana;VIALE DELLO SCALO S. LORENZO;da specificare;;;;fronte civico 77;Veicolo in marcia contro ostacolo fisso;Rettilineo;Più di due carreggiate;Bagnato (umidità in atto);Asfaltata;Verticale ed orizzontale;Nuvoloso;Normale;Buona;Sufficiente;0;0;0;1;12,51915;41,89681;-1;1;Autovettura privata;In marcia / fermata / arresto;Conducente;M;Illeso;0;;Non accertato;Inesploso
3632203;12;21/12/2017 19:45;Strada Urbana;VIALE CAMILLO SABATINI;in prossimità;;del civico n.;132;;Scontro frontale/laterale DX fra veicoli in marcia;Rettilineo;Una carreggiata a doppio senso;Asciutto;Asfaltata;Verticale ed orizzontale;Sereno;Scarso;Buona;Sufficiente;1;0;0;1;12,43968;41,81786;-1;1;Autovettura privata;In marcia / fermata / arresto;Conducente;F;Illeso;0;;;
3632203;12;21/12/2017 19:45;Strada Urbana;VIALE CAMILLO SABATINI;in prossimità;;del civico n.;132;;Scontro frontale/laterale DX fra veicoli in marcia;Rettilineo;Una carreggiata a doppio senso;Asciutto;Asfaltata;Verticale ed orizzontale;Sereno;Scarso;Buona;Sufficiente;1;0;0;1;12,43968;41,81786;-1;2;Autovettura privata;In marcia / fermata / arresto;Conducente;M;Rimandato;0;NON DECEDUTO;;
3632265;12;22/12/2017 20:30;Provinciale;VIA LAURENTINA;da specificare;;;;direzione ardea km 10,450;Veicolo in marcia contro ostacolo accidentale;Rettilineo;Due carreggiate;Asciutto;Con buche;Verticale ed orizzontale;Sereno;Normale;Buona;Sufficiente;0;0;0;2;12,48583;41,77122;-1;1;Autovettura privata;In marcia / fermata / arresto;Conducente;M;Illeso;0;;;
3632265;12;22/12/2017 20:30;Provinciale;VIA LAURENTINA;da specificare;;;;direzione ardea km 10,450;Veicolo in marcia contro ostacolo accidentale;Rettilineo;Due carreggiate;Asciutto;Con buche;Verticale ed orizzontale;Sereno;Normale;Buona;Sufficiente;0;0;0;2;12,48583;41,77122;-1;1;Autovettura privata;In marcia / fermata / arresto;Passeggero;M;Illeso;0;;Utilizzato;Inesploso
3632289;12;22/12/2017 11:10;Strada Urbana;VIA DEL CASALE ZOLA;da specificare;;;;circa metà della via;Veicolo in marcia contro ostacolo accidentale;Rettilineo;Una carreggiata a doppio senso;Asciutto;Con buche;Verticale ed orizzontale;Sereno;Normale;Buona;Ore Diurne;0;0;0;1;12,51383;41,82111;-1;1;Autovettura privata;In marcia / fermata / arresto;Conducente;M;Illeso;0;;;
3632331;12;22/12/2017 01:40;Strada Urbana;VIALE CESARE PAVESE;all'intersezione con;VIA CORRADO GOVONI;VIA CORRADO GOVONI;;;Scontro laterale fra veicoli in marcia;Incrocio;Due carreggiate;Asciutto;Asfaltata;Verticale ed orizzontale;Sereno;Scarso;Buona;Sufficiente;0;0;0;2;12,47447;41,81749;-1;1;Autovettura privata;In marcia / fermata / arresto;Conducente;M;Illeso;0;;Utilizzato;Inesploso
3632331;12;22/12/2017 01:40;Strada Urbana;VIALE CESARE PAVESE;all'intersezione con;VIA CORRADO GOVONI;VIA CORRADO GOVONI;;;Scontro laterale fra veicoli in marcia;Incrocio;Due carreggiate;Asciutto;Asfaltata;Verticale ed orizzontale;Sereno;Scarso;Buona;Sufficiente;0;0;0;2;12,47447;41,81749;-1;2;Autovettura privata;In marcia / fermata / arresto;Conducente;M;Illeso;0;;Utilizzato;Inesploso
3632371;12;23/12/2017 16:55;Strada Urbana;VIA CRISTOFORO COLOMBO;all'intersezione semaforizzata con;VIALE DELL'UMANESIMO;VIALE DELL'UMANESIMO;;;Scontro laterale fra veicoli in marcia;Intersezione semaforizzata;Una carreggiata a senso unico di marcia;Asciutto;Asfaltata;Verticale ed orizzontale;Sereno;Intenso;Buona;Ore Diurne;0;0;0;4;12,41155;41,78584;-1;1;Autovettura privata;In marcia / fermata / arresto;Conducente;M;Illeso;0;;;
3632371;12;23/12/2017 16:55;Strada Urbana;VIA CRISTOFORO COLOMBO;all'intersezione semaforizzata con;VIALE DELL'UMANESIMO;VIALE DELL'UMANESIMO;;;Scontro laterale fra veicoli in marcia;Intersezione semaforizzata;Una carreggiata a senso unico di marcia;Asciutto;Asfaltata;Verticale ed orizzontale;Sereno;Intenso;Buona;Ore Diurne;0;0;0;4;12,41155;41,78584;-1;1;Autovettura privata;In marcia / fermata / arresto;Passeggero;M;Illeso;0;;;
3632371;12;23/12/2017 16:55;Strada Urbana;VIA CRISTOFORO COLOMBO;all'intersezione semaforizzata con;VIALE DELL'UMANESIMO;VIALE DELL'UMANESIMO;;;Scontro laterale fra veicoli in marcia;Intersezione semaforizzata;Una carreggiata a senso unico di marcia;Asciutto;Asfaltata;Verticale ed orizzontale;Sereno;Intenso;Buona;Ore Diurne;0;0;0;4;12,41155;41,78584;-1;2;Autovettura privata;In marcia / fermata / arresto;Conducente;F;Illeso;0;;;
3632371;12;23/12/2017 16:55;Strada Urbana;VIA CRISTOFORO COLOMBO;all'intersezione semaforizzata con;VIALE DELL'UMANESIMO;VIALE DELL'UMANESIMO;;;Scontro laterale fra veicoli in marcia;Intersezione semaforizzata;Una carreggiata a senso unico di marcia;Asciutto;Asfaltata;Verticale ed orizzontale;Sereno;Intenso;Buona;Ore Diurne;0;0;0;4;12,41155;41,78584;-1;2;Autovettura privata;In marcia / fermata / arresto;Passeggero;F;Illeso;0;;;
3632478;12;24/12/2017 17:40;Strada Urbana;VIALE EUROPA;da specificare;;;;prossimità pasteur;Scontro laterale fra veicoli in marcia;Rettilineo;Una carreggiata a doppio senso;Asciutto;Asfaltata;Verticale ed orizzontale;Sereno;Normale;Buona;Ore Diurne;0;0;0;2;12,4677;41,83127;-1;1;Autovettura privata;In marcia / fermata / arresto;Conducente;F;Illeso;0;;Utilizzato;Inesploso
3632478;12;24/12/2017 17:40;Strada Urbana;VIALE EUROPA;da specificare;;;;prossimità pasteur;Scontro laterale fra veicoli in marcia;Rettilineo;Una carreggiata a doppio senso;Asciutto;Asfaltata;Verticale ed orizzontale;Sereno;Normale;Buona;Ore Diurne;0;0;0;2;12,4677;41,83127;-1;2;Autovettura privata;In marcia / fermata / arresto;Conducente;M;Illeso;0;;Utilizzato;Inesploso
3632547;12;24/12/2017 09:35;Strada Urbana;PIAZZA ENRICO MARTINI;in corrispondenza;;del civico n.;11;;Tamponamento;Rettilineo;Una carreggiata a doppio senso;Asciutto;Asfaltata;Verticale ed orizzontale;Sereno;Scarso;Buona;Ore Diurne;0;0;0;2;12,43076;41,79671;-1;1;Autovettura privata;In marcia / fermata / arresto;Conducente;M;Illeso;0;;;
3632547;12;24/12/2017 09:35;Strada Urbana;PIAZZA ENRICO MARTINI;in corrispondenza;;del civico n.;11;;Tamponamento;Rettilineo;Una carreggiata a doppio senso;Asciutto;Asfaltata;Verticale ed orizzontale;Sereno;Scarso;Buona;Ore Diurne;0;0;0;2;12,43076;41,79671;-1;2;Autovettura privata;In marcia / fermata / arresto;Conducente;F;Illeso;0;;;
3632583;12;24/12/2017 17:15;Strada Urbana;VIALE DEGLI ASTRI;all'intersezione con;VIA DELLE COSTELLAZIONI;VIA DELLE COSTELLAZIONI;;;Veicolo in marcia contro ostacolo accidentale;Incrocio;Una carreggiata a doppio senso;Asciutto;Asfaltata;Verticale ed orizzontale;Sereno;Normale;Buona;Sufficiente;0;0;0;1;12,45039;41,81398;-1;1;Autovettura privata;In marcia / fermata / arresto;Conducente;F;Illeso;0;;;
3632609;12;25/12/2017 11:30;Provinciale entro l'abitato;VIA LAURENTINA;da specificare;;;;in corrispondenza rotatoria di torpagnotta;Scontro laterale fra veicoli in marcia;Rotatoria;Due carreggiate;Asciutto;Asfaltata;Verticale ed orizzontale;Sereno;Normale;Buona;Ore Diurne;0;0;0;3;12,48268;41,80368;-1;1;Autovettura privata;In marcia / fermata / arresto;Conducente;M;Illeso;0;;;
3632609;12;25/12/2017 11:30;Provinciale entro l'abitato;VIA LAURENTINA;da specificare;;;;in corrispondenza rotatoria di torpagnotta;Scontro laterale fra veicoli in marcia;Rotatoria;Due carreggiate;Asciutto;Asfaltata;Verticale ed orizzontale;Sereno;Normale;Buona;Ore Diurne;0;0;0;3;12,48268;41,80368;-1;2;Autovettura privata;In marcia / fermata / arresto;Conducente;F;Illeso;0;;;
3632609;12;25/12/2017 11:30;Provinciale entro l'abitato;VIA LAURENTINA;da specificare;;;;in corrispondenza rotatoria di torpagnotta;Scontro laterale fra veicoli in marcia;Rotatoria;Due carreggiate;Asciutto;Asfaltata;Verticale ed orizzontale;Sereno;Normale;Buona;Ore Diurne;0;0;0;3;12,48268;41,80368;-1;2;Autovettura privata;In marcia / fermata / arresto;Passeggero;F;Illeso;0;;;
3632637;12;27/12/2017 03:00;Regionale;VIA PONTINA;da specificare;;;;prossimita km 14 direzione fuori Roma;Tamponamento;Rettilineo;Due carreggiate;Bagnato (pioggia);Asfaltata;Verticale ed orizzontale;Pioggia in atto;Scarso;Insufficiente;Insufficiente;0;0;0;2;12,45111;41,78946;-1;1;Autovettura privata;In marcia / fermata / arresto;Conducente;M;Illeso;0;;;
3632637;12;27/12/2017 03:00;Regionale;VIA PONTINA;da specificare;;;;prossimita km 14 direzione fuori Roma;Tamponamento;Rettilineo;Due carreggiate;Bagnato (pioggia);Asfaltata;Verticale ed orizzontale;Pioggia in atto;Scarso;Insufficiente;Insufficiente;0;0;0;2;12,45111;41,78946;-1;2;Autovettura privata;In marcia / fermata / arresto;Conducente;M;Illeso;0;;;
3632691;12;24/12/2017 05:09;Provinciale entro l'abitato;VIA PONTINA;in corrispondenza;;della chilometrica;18.2;;Tamponamento Multiplo;Curva a visuale libera;Una carreggiata a senso unico di marcia;Asciutto;Asfaltata;Orizzontale;Sereno;Scarso;Buona;Inesistente;1;0;0;5;12,43189;41,73978;-1;1;Autovettura privata;In marcia / fermata / arresto;Conducente;M;Illeso;0;;Non accertato;Inesploso
3632691;12;24/12/2017 05:09;Provinciale entro l'abitato;VIA PONTINA;in corrispondenza;;della chilometrica;18.2;;Tamponamento Multiplo;Curva a visuale libera;Una carreggiata a senso unico di marcia;Asciutto;Asfaltata;Orizzontale;Sereno;Scarso;Buona;Inesistente;1;0;0;5;12,43189;41,73978;-1;2;Autovettura privata;In marcia / fermata / arresto;Conducente;M;Rimandato;0;NON DECEDUTO;Non accertato;Esploso
3632691;12;24/12/2017 05:09;Provinciale entro l'abitato;VIA PONTINA;in corrispondenza;;della chilometrica;18.2;;Tamponamento Multiplo;Curva a visuale libera;Una carreggiata a senso unico di marcia;Asciutto;Asfaltata;Orizzontale;Sereno;Scarso;Buona;Inesistente;1;0;0;5;12,43189;41,73978;-1;3;Autocarro inferiore 35 q.;In marcia / fermata / arresto;Conducente;M;Illeso;0;;Non accertato;Inesploso
3632691;12;24/12/2017 05:09;Provinciale entro l'abitato;VIA PONTINA;in corrispondenza;;della chilometrica;18.2;;Tamponamento Multiplo;Curva a visuale libera;Una carreggiata a senso unico di marcia;Asciutto;Asfaltata;Orizzontale;Sereno;Scarso;Buona;Inesistente;1;0;0;5;12,43189;41,73978;-1;3;Autocarro inferiore 35 q.;In marcia / fermata / arresto;Passeggero;M;Illeso;0;;Non accertato;Inesploso
3632691;12;24/12/2017 05:09;Provinciale entro l'abitato;VIA PONTINA;in corrispondenza;;della chilometrica;18.2;;Tamponamento Multiplo;Curva a visuale libera;Una carreggiata a senso unico di marcia;Asciutto;Asfaltata;Orizzontale;Sereno;Scarso;Buona;Inesistente;1;0;0;5;12,43189;41,73978;-1;3;Autocarro inferiore 35 q.;In marcia / fermata / arresto;Passeggero;M;Illeso;0;;Non accertato;Inesploso
3632691;12;24/12/2017 05:09;Provinciale entro l'abitato;VIA PONTINA;in corrispondenza;;della chilometrica;18.2;;Tamponamento Multiplo;Curva a visuale libera;Una carreggiata a senso unico di marcia;Asciutto;Asfaltata;Orizzontale;Sereno;Scarso;Buona;Inesistente;1;0;0;5;12,43189;41,73978;-1;4;Autovettura privata;In marcia / fermata / arresto;Conducente;M;Illeso;0;;Non accertato;Inesploso
3632699;12;27/12/2017 09:35;Provinciale;VIA LAURENTINA;in prossimità;;del civico n.;1815;;Tamponamento;Curva a visuale libera;Una carreggiata a doppio senso;Bagnato (umidità in atto);Asfaltata;Verticale ed orizzontale;Nuvoloso;Normale;Buona;Ore Diurne;0;0;0;2;12,50747;41,72835;-1;1;Autovettura privata;In marcia / fermata / arresto;Conducente;M;Illeso;0;;;
3632699;12;27/12/2017 09:35;Provinciale;VIA LAURENTINA;in prossimità;;del civico n.;1815;;Tamponamento;Curva a visuale libera;Una carreggiata a doppio senso;Bagnato (umidità in atto);Asfaltata;Verticale ed orizzontale;Nuvoloso;Normale;Buona;Ore Diurne;0;0;0;2;12,50747;41,72835;-1;2;Autocarro inferiore 35 q.;In marcia / fermata / arresto;Conducente;M;Illeso;0;;;
3632725;2;19/12/2017 09:40;Strada Urbana;LUNGOTEVERE FLAMINIO;all'intersezione con;PIAZZA GENTILE DA FABRIANO;PIAZZA GENTILE DA FABRIANO;;;Scontro frontale/laterale SX fra veicoli in marcia;Incrocio;Una carreggiata a doppio senso;Asciutto;Asfaltata;Verticale ed orizzontale;Sereno;Normale;Buona;Ore Diurne;0;0;0;1;12,46131;41,92677;-1;1;Quadriciclo leggero;In marcia / fermata / arresto;Conducente;F;Illeso;0;;;
3632762;12;27/12/2017 11:35;Strada Urbana;VIA DEI CORAZZIERI;in prossimità;;del civico n.;70/72;;Veicolo in marcia contro veicolo arresto;Rettilineo;Una carreggiata a senso unico di marcia;Bagnato (pioggia);Asfaltata;Verticale ed orizzontale;Pioggia in atto;Normale;Buona;Ore Diurne;0;0;0;3;12,482;41,8233;-1;1;Autovettura privata;In marcia / fermata / arresto;Conducente;M;Illeso;0;;;
3632762;12;27/12/2017 11:35;Strada Urbana;VIA DEI CORAZZIERI;in prossimità;;del civico n.;70/72;;Veicolo in marcia contro veicolo arresto;Rettilineo;Una carreggiata a senso unico di marcia;Bagnato (pioggia);Asfaltata;Verticale ed orizzontale;Pioggia in atto;Normale;Buona;Ore Diurne;0;0;0;3;12,482;41,8233;-1;1;Autovettura privata;In marcia / fermata / arresto;Passeggero;F;Illeso;0;;;
3632762;12;27/12/2017 11:35;Strada Urbana;VIA DEI CORAZZIERI;in prossimità;;del civico n.;70/72;;Veicolo in marcia contro veicolo arresto;Rettilineo;Una carreggiata a senso unico di marcia;Bagnato (pioggia);Asfaltata;Verticale ed orizzontale;Pioggia in atto;Normale;Buona;Ore Diurne;0;0;0;3;12,482;41,8233;-1;2;Autovettura privata;In marcia / fermata / arresto;Conducente;F;Illeso;0;;;
3632793;12;27/12/2017 21:10;Strada Urbana;VIALE DEGLI EROI DI CEFALONIA;da specificare;;;;prossimità Via Vardano Fenulli;Veicolo in marcia contro ostacolo accidentale;Rettilineo;Due carreggiate;Bagnato (pioggia);Asfaltata;Verticale ed orizzontale;Pioggia in atto;Normale;Buona;Sufficiente;0;0;0;1;12,43628;41,78384;-1;1;Autovettura privata;In marcia / fermata / arresto;Conducente;M;Illeso;0;;Utilizzato;Inesploso
3632800;12;28/12/2017 01:10;Strada Urbana;VIA DEL CAPPELLACCIO;da specificare;;;;300m dal viadotto della magliana;Veicolo in marcia contro ostacolo accidentale;Rettilineo;Una carreggiata a doppio senso;Bagnato (umidità in atto);Asfaltata;Orizzontale;Nuvoloso;Scarso;Insufficiente;Inesistente;0;0;0;4;12,45248;41,8325;-1;1;Autovettura privata;In marcia / fermata / arresto;Conducente;M;Illeso;0;;Utilizzato;Inesploso
3632800;12;28/12/2017 01:10;Strada Urbana;VIA DEL CAPPELLACCIO;da specificare;;;;300m dal viadotto della magliana;Veicolo in marcia contro ostacolo accidentale;Rettilineo;Una carreggiata a doppio senso;Bagnato (umidità in atto);Asfaltata;Orizzontale;Nuvoloso;Scarso;Insufficiente;Inesistente;0;0;0;4;12,45248;41,8325;-1;1;Autovettura privata;In marcia / fermata / arresto;Passeggero;F;Illeso;0;;Utilizzato;Inesploso
3632800;12;28/12/2017 01:10;Strada Urbana;VIA DEL CAPPELLACCIO;da specificare;;;;300m dal viadotto della magliana;Veicolo in marcia contro ostacolo accidentale;Rettilineo;Una carreggiata a doppio senso;Bagnato (umidità in atto);Asfaltata;Orizzontale;Nuvoloso;Scarso;Insufficiente;Inesistente;0;0;0;4;12,45248;41,8325;-1;1;Autovettura privata;In marcia / fermata / arresto;Passeggero;M;Illeso;0;;Utilizzato;Inesploso
3632800;12;28/12/2017 01:10;Strada Urbana;VIA DEL CAPPELLACCIO;da specificare;;;;300m dal viadotto della magliana;Veicolo in marcia contro ostacolo accidentale;Rettilineo;Una carreggiata a doppio senso;Bagnato (umidità in atto);Asfaltata;Orizzontale;Nuvoloso;Scarso;Insufficiente;Inesistente;0;0;0;4;12,45248;41,8325;-1;1;Autovettura privata;In marcia / fermata / arresto;Passeggero;M;Illeso;0;;Utilizzato;Inesploso